Destination à rediriger (A partir de);Rediriger vers :;Statut
https://www.retronews.fr/sports-et-loisirs/echo-de-presse/2020/05/27/laviation-la-une-une-collection-de-journaux-reimprimes;https://www.retronews.fr/rubriques/sports-et-loisirs;301
https://www.retronews.fr/sports-et-loisirs/echo-de-presse/2018/04/24/lorsque-la-goulue-de-montmartre-etait-attaquee-par-un;https://www.retronews.fr/rubriques/sports-et-loisirs;301
https://www.retronews.fr/sports-et-loisirs/chronique/2018/11/26/le-naturisme-travers-les-ages;https://www.retronews.fr/rubriques/sports-et-loisirs;301
https://www.retronews.fr/sports-et-loisirs/echo-de-presse/2018/05/28/les-reines-de-carnaval-quand-les-blanchisseuses;https://www.retronews.fr/rubriques/sports-et-loisirs;301
https://www.retronews.fr/societe/long-format/2023/03/23/mais%20pour%20la%20revendiquer;https://www.retronews.fr/rubriques/societe;301
https://www.retronews.fr/societe/echo-de-presse/2018/02/15/haussmann-et-la-mort-du-vieux-paris;https://www.retronews.fr/rubriques/societe;301
https://www.retronews.fr/societe/echo-de-presse/2018/02/06/jeanne-chauvin-pionniere-des-femmes-avocates;https://www.retronews.fr/rubriques/societe;301
https://www.retronews.fr/societe/echo-de-presse/2017/12/21/1865-1944-la-sombre-histoire-du-ku-klux-klan;https://www.retronews.fr/rubriques/societe;301
https://www.retronews.fr/societe/echo-de-presse/2017/06/11/1936-des-femmes-au-gouvernement;https://www.retronews.fr/rubriques/societe;301
https://www.retronews.fr/societe/echo-de-presse/2017/11/21/le-saphisme-condamne-par-la-feministe-severine;https://www.retronews.fr/rubriques/societe;301
https://www.retronews.fr/societe/echo-de-presse/2017/12/06/1879-avec-les-detenus-de-la-plus-grande-prison-parisienne;https://www.retronews.fr/rubriques/societe;301
https://www.retronews.fr/societe/echo-de-presse/2018/06/04/lorsque-le-coca-cola-apparaissait-en-france;https://www.retronews.fr/rubriques/societe;301
https://www.retronews.fr/societe/long-format/2021/10/11/%20des%20canaux%20de%20Schiaparelli%20aux%20mondes%20habités%20de%20Flammarion;https://www.retronews.fr/rubriques/societe;301
https://www.retronews.fr/societe/echo-de-presse/2025/01/31/Dessertine,%20Dominique.%20« Le%20divorce%20sous%20la%20Révolution %3A%20audace%20ou%20nécessité ? ».%20Enfance,%20santé%20et%20société,%20LARHRA,%202013;https://www.retronews.fr/rubriques/societe;301
https://www.retronews.fr/societe/carte-blanche/2023/07/06/lecoeurnecedepas.fr;https://www.retronews.fr/rubriques/societe;301
https://www.retronews.fr/societe/echo-de-presse/2022/06/06/le-crime-detre-vieux-ou-la-misere-des-retraites-dans-les-annees;https://www.retronews.fr/rubriques/societe;301
https://www.retronews.fr/societe/long-format/2021/01/11/%3Ffrom=%2Fsearch%23allTerms%3Dgrandjean%26sort%3Dscore%26publishedStart%3D1764-01-01%26publishedEnd%3D1766-12-31%26publishedBounds%3Dfrom%26indexedBounds%3Dfrom%26advancedUi%3Dtrue%26page%3D1%26searchIn%3Dall%26total%3D3&index=0;https://www.retronews.fr/rubriques/societe;301
https://www.retronews.fr/societe/echo-de-presse/2020/08/04/la-morgue-de-paris-musee-des-suicides-et-des-assassines;https://www.retronews.fr/rubriques/societe;301
https://www.retronews.fr/societe/echo-de-presse/2018/11/15/lincroyable-histoire-de-victor-lenfant-sauvage-de-laveyron;https://www.retronews.fr/rubriques/societe;301
https://www.retronews.fr/societe/echo-de-presse/2018/06/22/les-protocoles-des-sages-de-sion-histoire-dun-document-antisemite;https://www.retronews.fr/rubriques/societe;301
https://www.retronews.fr/societe/bonne-feuille/2018/10/18/lhistoire-de-william-ellis-ne-esclave-au-texas-et-devenu-blanc-new;https://www.retronews.fr/rubriques/societe;301
https://www.retronews.fr/sciences/echo-de-presse/2018/10/09/quand-lastronome-camille-flammarion-fit-relier-lun-de-ses-livres;https://www.retronews.fr/rubriques/sciences;301
https://www.retronews.fr/sciences/echo-de-presse/2018/05/18/dans-la-jungle-avec-percy-fawcett-la-recherche-de-la-cite-perdue;https://www.retronews.fr/rubriques/sciences;301
https://www.retronews.fr/relations-entre-institutions-religieuses-et-letat-concordat/echo-de-presse/2018/04/25/la-loi-de;https://www.retronews.fr/rubriques/religions;301
https://www.retronews.fr/religions/echo-de-presse/2018/05/15/le-vaudou-culte-des-sanglantes-folies-pour-la-presse-des-annees;https://www.retronews.fr/rubriques/religions;301
https://www.retronews.fr/politique/chronique/2020/08/28/28-septembre-1864-naissance-de-lassociation-internationale-des;https://www.retronews.fr/rubriques/politique;301
https://www.retronews.fr/politique/echo-de-presse/2018/04/16/1833-lemeute-des-quatre-sous-tourne-la-faveur-des-mineurs;https://www.retronews.fr/rubriques/politique;301
https://www.retronews.fr/politique/interview/2022/08/03/delit-dhomosexualite-il-existe-une-continuite-entre-vichy-et-les-iiie;https://www.retronews.fr/rubriques/politique;301
https://www.retronews.fr/politique/echo-de-presse/2018/05/07/charles-peguy-un-socialiste-de-droite;https://www.retronews.fr/rubriques/politique;301
https://www.retronews.fr/politique/echo-de-presse/2017/09/07/1936-la-dissolution-des-ligues-fascistes;https://www.retronews.fr/rubriques/politique;301
https://www.retronews.fr/politique/bonne-feuille/2018/04/18/les-lettres-emouvantes-des-deputes-communistes-incarceres-sous;https://www.retronews.fr/rubriques/politique;301
https://www.retronews.fr/politique/long-format/2023/03/08/sequence-pedagogique-olympe-gouges-droits;https://www.retronews.fr/rubriques/politique;301
https://www.retronews.fr/politique/echo-de-presse/2018/04/10/1886-le-massacre-de-haymarket-square;https://www.retronews.fr/rubriques/politique;301
https://www.retronews.fr/politique/interview/2023/09/05/delit-dhomosexualite-il-existe-une-continuite-entre-vichy-et-les-iiie;https://www.retronews.fr/rubriques/politique;301
https://www.retronews.fr/politique/echo-de-presse/2019/07/16/londres-1892-une-entrevue-avec-lintellectuel-anarchiste;https://www.retronews.fr/rubriques/politique;301
https://www.retronews.fr/politique/echo-de-presse/2018/03/08/gaston-leroux-en-direct-du-cuirasse-potemkine;https://www.retronews.fr/rubriques/politique;301
https://www.retronews.fr/politique/chronique/2022/12/08/08/07/1898;https://www.retronews.fr/rubriques/politique;301
https://www.retronews.fr/politique/echo-de-presse/2018/04/10/la-vraie-histoire-du-premier-mai-1886-le-massacre-de-haymarket;https://www.retronews.fr/rubriques/politique;301
https://www.retronews.fr/politique/echo-de-presse/2021/04/28/la-vraie-histoire-du-premier-mai-1886-le-massacre-de-haymarket;https://www.retronews.fr/rubriques/politique;301
https://www.retronews.fr/politique/chronique/2019/07/10/avant-la-prise-de-la-bastille-lincendie-des-barrieres-fiscales-de;https://www.retronews.fr/rubriques/politique;301
https://www.retronews.fr/politique/echo-de-presse/2017/06/08/le-decret-qui-instaura-la-grande-terreur;https://www.retronews.fr/rubriques/politique;301
https://www.retronews.fr/politique/long-format/2018/08/17/avril-1793-creation-du-comite-de-salut-public-et-debut-de-la;https://www.retronews.fr/rubriques/politique;301
https://www.retronews.fr/politique/echo-de-presse/2019/01/14/une-poignee-denergumenes-la-ligue-spartakiste-pour-la-presse;https://www.retronews.fr/rubriques/politique;301
https://www.retronews.fr/politique/long-format/2021/04/21/sequence-pedagogique-crise-boulangisme;https://www.retronews.fr/rubriques/politique;301
https://www.retronews.fr/politique/long-format/2021/04/21/la-mise-en-oeuvre-du-projet-republicain-la-republique-face-aux;https://www.retronews.fr/rubriques/politique;301
https://www.retronews.fr/politique/echo-de-presse/2018/08/21/ladoption-de-la-declaration-des-droits-de-lhomme-et-du-citoyen;https://www.retronews.fr/rubriques/politique;301
https://www.retronews.fr/justice/echo-de-presse/2018/05/04/lagence-pinkerton-police-secrete-et-briseuse-de-greve;https://www.retronews.fr/rubriques/justice;301
https://www.retronews.fr/justice/echo-de-presse/2023/04/17/une-femme-escroc-la-une-la-grande-therese-dans-le-rire;https://www.retronews.fr/rubriques/justice;301
https://www.retronews.fr/justice/long-format/2018/08/31/le-proces-dimitrov-le-mensonge-nazi-contre-les-sympathisants;https://www.retronews.fr/rubriques/justice;301
https://www.retronews.fr/justice/echo-de-presse/2018/07/19/la-fletrissure-ou-quand-les-criminels-francais-etaient-marques-au;https://www.retronews.fr/rubriques/justice;301
https://www.retronews.fr/justice/long-format/2022/06/23/femme;https://www.retronews.fr/rubriques/justice;301
https://www.retronews.fr/guerre-journalistes-et-reporters/echo-de-presse/2019/04/01/cetait-la-une-joseph-kessel-envoye;https://www.retronews.fr/rubriques/histoire-de-la-presse;301
https://www.retronews.fr/histoire-de-la-presse/long-format/2023/03/16/03/1845;https://www.retronews.fr/rubriques/histoire-de-la-presse;301
https://www.retronews.fr/histoire-de-la-presse/echo-de-presse/2022/01/04/Adolphe%20Willette;https://www.retronews.fr/rubriques/histoire-de-la-presse;301
https://www.retronews.fr/histoire-de-la-presse/echo-de-presse/2018/10/04/les-bas-bleus-les-femmes-de-lettres-face-la;https://www.retronews.fr/rubriques/histoire-de-la-presse;301
https://www.retronews.fr/histoire-de-la-presse/long-format/2023/03/16/journal/le-droit/30-mars-1846/1837/3731255/1;https://www.retronews.fr/rubriques/histoire-de-la-presse;301
https://www.retronews.fr/histoire-de-la-presse/echo-de-presse/2017/10/25/la-fronde-le-premier-quotidien-feministe-au-monde;https://www.retronews.fr/rubriques/histoire-de-la-presse;301
https://www.retronews.fr/histoire-de-la-presse-sports-et-loisirs/echo-de-presse/2017/07/21/albert-londres-chez-les-forcats-de;https://www.retronews.fr/rubriques/histoire-de-la-presse;301
https://www.retronews.fr/sports-et-loisirs/genealogie/2021/08/06/genealogie-un-militaire-dans-la-famille;https://www.retronews.fr/rubriques/genealogie;301
https://www.retronews.fr/sports-et-loisirs/genealogie/2021/06/14/un-artiste-dans-la-famille-genealogie;https://www.retronews.fr/rubriques/genealogie;301
https://www.retronews.fr/sports-et-loisirs/genealogie/2022/04/14/une-photographie-mysterieuse-dans-la-famille-retronews-peut;https://www.retronews.fr/rubriques/genealogie;301
https://www.retronews.fr/sports-et-loisirs/genealogie/2022/03/09/un-commerce-dans-la-famille-impregnez-vous-des-lieux-grace;https://www.retronews.fr/rubriques/genealogie;301
https://www.retronews.fr/sports-et-loisirs/genealogie/2022/02/22/un-commerce-dans-la-famille-impregnez-vous-des-lieux-grace;https://www.retronews.fr/rubriques/genealogie;301
https://www.retronews.fr/faits-divers/echo-de-presse/2017/07/19/Selon%20les%20rapports%20des%20officiers%20et%20matelots%20du%20Bounty,%20qui%20font%20restés%20fidèles%20à%20leur%20devoir,%20et%20qui%20ont%20partagé%20le%20sort%20de%20leur%20capitaine,%20la%20révolte%20dont%20ils%20ont%20été%20la%20victime,%20et%20qui%20a%20fait%20manquer%20l'objet%20de%20leur%20expédition,%20a%20été%20causée%20par%20la%20passion%20qu'un%20des%20gens%20de%20l'équipage%20avait%20conçue%20pour%20une%20femme%20d'Otahiti,%20et%20qui%20ne%20pouvant%20renoncer%20à%20l'idée%20de%20s'en%20séparer%20pour%20jamais,%20a%20séduit%20ses%20compagnons.;https://www.retronews.fr/rubriques/faits-divers;301
https://www.retronews.fr/faits-divers-crimes/echo-de-presse/2018/01/02/lassassinat-du-duc-de-berry-le-dernier-bourbon;https://www.retronews.fr/rubriques/faits-divers;301
https://www.retronews.fr/faits-divers-proces/long-format/2018/03/15/laffaire-vacher-en-1897;https://www.retronews.fr/rubriques/faits-divers;301
https://www.retronews.fr/education/long-format/2020/09/11/la-dimension-politique-de-la-guerre-des-conflits-inter-etatiques;https://www.retronews.fr/rubriques/education;301
https://www.retronews.fr/education/long-format/2020/09/11/le-repas-gastronomique-francais-facteur-de-rayonnement-culturel-de;https://www.retronews.fr/rubriques/education;301
https://www.retronews.fr/education/chronique/2018/12/06/les-sciences-coloniales-legitimation-de-la-colonisation;https://www.retronews.fr/rubriques/education;301
https://www.retronews.fr/education/long-format/2020/09/11/les-interventions-etrangeres-dans-la-guerre-civile-espagnole;https://www.retronews.fr/rubriques/education;301
https://www.retronews.fr/education/echo-de-presse/2016/11/11/connaissez-vous-paris-linterrogatoire-de-queneau;https://www.retronews.fr/rubriques/education;301
https://www.retronews.fr/economie/echo-de-presse/2016/05/16/la-difficile-naissance-de-limpot-sur-le-revenu;https://www.retronews.fr/rubriques/economie;301
https://www.retronews.fr/economie/long-format/2020/09/11/limpact-de-la-crise-de-1929-desequilibres-economiques-et-sociaux;https://www.retronews.fr/rubriques/economie;301
https://www.retronews.fr/conflits-et-relations-internationales/echo-de-presse/2018/11/06/la-defaite-turque-en-1918-et-la;https://www.retronews.fr/rubriques/conflits-et-relations-internationales;301
https://www.retronews.fr/conflits-et-relations-internationales/echo-de-presse/2024/01/03/le-pamphlet-anti-franquiste-de;https://www.retronews.fr/rubriques/conflits-et-relations-internationales;301
https://www.retronews.fr/conflits-et-relations-internationales/echo-de-presse/2018/10/10/journaux-de-tranchees-et-contre;https://www.retronews.fr/rubriques/conflits-et-relations-internationales;301
https://www.retronews.fr/conflits-et-relations-internationales/long-format/2020/06/24/le-souvenir-des-croisades-dans-la;https://www.retronews.fr/rubriques/conflits-et-relations-internationales;301
https://www.retronews.fr/conflits-et-relations-internationales/grands-articles/2023/05/25/presse-clandestine-resistance;https://www.retronews.fr/rubriques/conflits-et-relations-internationales;301
https://www.retronews.fr/conflits-et-relations-internationales/echo-de-presse/2018/06/13/14-juin-1940-la-croix-gammee-flotte;https://www.retronews.fr/rubriques/conflits-et-relations-internationales;301
https://www.retronews.fr/conflits-et-relations-internationales/interview/2019/02/05/la-retirada-exil-des-republicains;https://www.retronews.fr/rubriques/conflits-et-relations-internationales;301
https://www.retronews.fr/conflits-et-relations-internationales/long-format/2022/01/10/reprendre-constantinople-un-reve;https://www.retronews.fr/rubriques/conflits-et-relations-internationales;301
https://www.retronews.fr/conflits-et-relations-internationales/chronique/2018/07/26/comment-devient-revolutionnaire-en;https://www.retronews.fr/rubriques/conflits-et-relations-internationales;301
https://www.retronews.fr/conflits-et-relations-internationales/echo-de-presse/2023/10/03/mobilisation-en-faveur-des-epoux;https://www.retronews.fr/rubriques/conflits-et-relations-internationales;301
https://www.retronews.fr/conflits-et-relations-internationales/echo-de-presse/2017/12/28/nouvel-1939-quand-aragon-souhaitait;https://www.retronews.fr/rubriques/conflits-et-relations-internationales;301
https://www.retronews.fr/conflits-et-relations-internationales/chronique/2022/12/01/guerre%20de%20Corée;https://www.retronews.fr/rubriques/conflits-et-relations-internationales;301
https://www.retronews.fr/conflits-et-relations-internationales/echo-de-presse/2018/11/05/la-demission-de-ludendorff-debacle;https://www.retronews.fr/rubriques/conflits-et-relations-internationales;301
https://www.retronews.fr/conflits-et-relations-internationales/echo-de-presse/2017/10/20/guy-moquet-martyr-communiste-de-17;https://www.retronews.fr/rubriques/conflits-et-relations-internationales;301
https://www.retronews.fr/conflits-et-relations-internationales/long-format/2019/01/04/les-chevaliers-du-ciel-un-mythe;https://www.retronews.fr/rubriques/conflits-et-relations-internationales;301
https://www.retronews.fr/conflits-et-relations-internationales/chronique/2018/05/17/le-siege-dangers-lecrasement-de-la;https://www.retronews.fr/rubriques/conflits-et-relations-internationales;301
https://www.retronews.fr/conflits-et-relations-internationales/echo-de-presse/2019/06/26/comment-la-guerre-chimique-fut;https://www.retronews.fr/rubriques/conflits-et-relations-internationales;301
https://www.retronews.fr/conflits-et-relations-internationales/chronique/2021/09/27/1944-debut-de-la-fin-des-minorites-en;https://www.retronews.fr/rubriques/conflits-et-relations-internationales;301
https://www.retronews.fr/conflits-et-relations-internationales/echo-de-presse/2019/04/02/camps-d-internement-refugies;https://www.retronews.fr/rubriques/conflits-et-relations-internationales;301
https://www.retronews.fr/conflits-et-relations-internationales/chronique/2018/06/12/les-zouaves-pontificaux-volontaires-de;https://www.retronews.fr/rubriques/conflits-et-relations-internationales;301
https://www.retronews.fr/conflits-et-relations-internationales/echo-de-presse/2018/05/03/lexil-sacrificiel-des-alsaciens;https://www.retronews.fr/rubriques/conflits-et-relations-internationales;301
https://www.retronews.fr/conflits-et-relations-internationales/long-format/2018/09/24/l-histoire-du-chevalier-deon-espion-de;https://www.retronews.fr/rubriques/conflits-et-relations-internationales;301
https://www.retronews.fr/conflits-et-relations-internationales/echo-de-presse/2017/08/21/1931-petain-acclame-par-la-foule;https://www.retronews.fr/rubriques/conflits-et-relations-internationales;301
https://www.retronews.fr/conflits-et-relations-internationales/long-format/2020/04/06/les-allemands-depeints-en-huns-de-la;https://www.retronews.fr/rubriques/conflits-et-relations-internationales;301
https://www.retronews.fr/conflits-et-relations-internationales/long-format/2018/06/25/le-jour-ou-la-guerre-de-secession;https://www.retronews.fr/rubriques/conflits-et-relations-internationales;301
https://www.retronews.fr/conflits-et-relations-internationales/interview/2018/05/03/la-douloureuse-conquete-francaise-de;https://www.retronews.fr/rubriques/conflits-et-relations-internationales;301
https://www.retronews.fr/conflits-et-relations-internationales/echo-de-presse/2020/07/30/6-aout-1945-la-premiere-bombe;https://www.retronews.fr/rubriques/conflits-et-relations-internationales;301
https://www.retronews.fr/conflits-et-relations-internationales/long-format/2022/04/26/le-pacifisme-francais-echec-et-mat;https://www.retronews.fr/rubriques/conflits-et-relations-internationales;301
https://www.retronews.fr/conflits-et-relations-internationales/grandsarticles/2022/10/26/lorsque-les-francais-decouvraient;https://www.retronews.fr/rubriques/conflits-et-relations-internationales;301
https://www.retronews.fr/conflits-et-relations-internationales/echo-de-presse/2018/11/14/1936-saint-exupery-reporter-dans;https://www.retronews.fr/rubriques/conflits-et-relations-internationales;301
https://www.retronews.fr/conflits-et-relations-internationales/echo-de-presse/2018/09/10/la-promulgation-du-statut-des-juifs;https://www.retronews.fr/rubriques/conflits-et-relations-internationales;301
https://www.retronews.fr/conflits-et-relations-internationales/chronique/2019/06/05/ils-arrivent-le-debarquement-par-la;https://www.retronews.fr/rubriques/conflits-et-relations-internationales;301
https://www.retronews.fr/conflits-et-relations-internationales/echo-de-presse/2018/11/07/larmistice-de-1918-de-la-liesse-la;https://www.retronews.fr/rubriques/conflits-et-relations-internationales;301
https://www.retronews.fr/conflits-et-relations-internationales/chronique/2022/05/24/photoreporters-dans-le-conflit-italo;https://www.retronews.fr/rubriques/conflits-et-relations-internationales;301
https://www.retronews.fr/conflits-et-relations-internationales/echo-de-presse/2018/06/04/la-fayette-le-plus-americain-des;https://www.retronews.fr/rubriques/conflits-et-relations-internationales;301
https://www.retronews.fr/conflits-et-relations-internationales/echo-de-presse/2018/09/28/brazzaville-capitale-de-la-france;https://www.retronews.fr/rubriques/conflits-et-relations-internationales;301
https://www.retronews.fr/conflits-et-relations-internationales/echo-de-presse/2020/07/31/aout-1944-la-glorieuse-liberation-de;https://www.retronews.fr/rubriques/conflits-et-relations-internationales;301
https://www.retronews.fr/conflits-et-relations-internationales/echo-de-presse/2016/12/06/la-guerre-du-pacifique;https://www.retronews.fr/rubriques/conflits-et-relations-internationales;301
https://www.retronews.fr/conflits-et-relations-internationales/interview/2024/02/20/LIEN%20%3A%20https%3A/www.editionslibertalia.com/catalogue/poche/ftp-moi-avec-tous-tes-freres-etrangers;https://www.retronews.fr/rubriques/conflits-et-relations-internationales;301
https://www.retronews.fr/conflits-et-relations-internationales/echo-de-presse/2019/08/26/gerda-taro-photographe-guerre-d;https://www.retronews.fr/rubriques/conflits-et-relations-internationales;301
https://www.retronews.fr/conflits-et-relations-internationales/echo-de-presse/2018/10/15/quand-les-poilus-racontaient-leur;https://www.retronews.fr/rubriques/conflits-et-relations-internationales;301
https://www.retronews.fr/conflits-et-relations-internationales/echo-de-presse/2018/09/26/torpillage-du-lusitania-tournant-de;https://www.retronews.fr/rubriques/conflits-et-relations-internationales;301
https://www.retronews.fr/conflits-et-relations-internationales/interview/2022/01/31/lurss-idealisee-par-la-france-sabine;https://www.retronews.fr/rubriques/conflits-et-relations-internationales;301
https://www.retronews.fr/conflits-et-relations-internationales/echo-de-presse/2019/01/21/woodrow-wilson-echec-d-un-champion;https://www.retronews.fr/rubriques/conflits-et-relations-internationales;301
https://www.retronews.fr/conflits-et-relations-internationales/echo-de-presse/2020/09/17/quand-la-presse-francaise-soutenait;https://www.retronews.fr/rubriques/conflits-et-relations-internationales;301
https://www.retronews.fr/conflits-et-relations-internationales/echo-de-presse/2017/06/21/22-juin-1940-larmistice-entre-la;https://www.retronews.fr/rubriques/conflits-et-relations-internationales;301
https://www.retronews.fr/conflits-et-relations-internationales/echo-de-presse/2018/06/29/1949-l-opposition-francaise-la;https://www.retronews.fr/rubriques/conflits-et-relations-internationales;301
https://www.retronews.fr/conflits-et-relations-internationales/echo-de-presse/2020/09/01/1803-napoleon-vend-la-louisiane-aux;https://www.retronews.fr/rubriques/conflits-et-relations-internationales;301
https://www.retronews.fr/conflits-et-relations-internationales/chronique/2018/07/18/grande-guerre-et-revolution-russe-une;https://www.retronews.fr/rubriques/conflits-et-relations-internationales;301
https://www.retronews.fr/conflits-et-relations-internationales/interview/2022/04/21/olivier-wieviorka-les-pleins-pouvoirs;https://www.retronews.fr/rubriques/conflits-et-relations-internationales;301
https://www.retronews.fr/conflits-et-relations-internationales/interview/2020/11/12/troupes-coloniales-grande-guerre-marc;https://www.retronews.fr/rubriques/conflits-et-relations-internationales;301
https://www.retronews.fr/conflits-et-relations-internationales/echo-de-presse/2018/07/17/18-juillet-1918-la-victoire-decisive;https://www.retronews.fr/rubriques/conflits-et-relations-internationales;301
https://www.retronews.fr/conflits-et-relations-internationales/interview/2018/07/24/la-censure-pendant-la-premiere-guerre;https://www.retronews.fr/rubriques/conflits-et-relations-internationales;301
https://www.retronews.fr/conflits-et-relations-internationales/interview/2019/01/14/michael-lowy-revolution-spartakiste-et;https://www.retronews.fr/rubriques/conflits-et-relations-internationales;301
https://www.retronews.fr/conflits-et-relations-internationales/echo-de-presse/2018/07/26/hemingway-interviewe-au-retour-de-la;https://www.retronews.fr/rubriques/conflits-et-relations-internationales;301
https://www.retronews.fr/conflits-et-relations-internationales/echo-de-presse/2017/12/07/lassassinat-du-tres-mysterieux;https://www.retronews.fr/rubriques/conflits-et-relations-internationales;301
https://www.retronews.fr/conflits-et-relations-internationales/grands-articles/2022/10/20/1922-benito-mussolini-dictateur;https://www.retronews.fr/rubriques/conflits-et-relations-internationales;301
https://www.retronews.fr/conflits-et-relations-internationales/echo-de-presse/2019/01/29/les-fusilles-de-montluc-jeunes;https://www.retronews.fr/rubriques/conflits-et-relations-internationales;301
https://www.retronews.fr/conflits-et-relations-internationales/long-format/2018/06/14/le-suicide-du-resistant-pierre;https://www.retronews.fr/rubriques/conflits-et-relations-internationales;301
https://www.retronews.fr/conflits-et-relations-internationales/echo-de-presse/2018/11/20/enquete-en-1936-que-pensent-de-nous;https://www.retronews.fr/rubriques/conflits-et-relations-internationales;301
https://www.retronews.fr/conflits-et-relations-internationales/echo-de-presse/2018/12/21/1937-temoignages-de-lenfer-de-dachau;https://www.retronews.fr/rubriques/conflits-et-relations-internationales;301
https://www.retronews.fr/conflits-et-relations-internationales/echo-de-presse/2018/06/29/marie-angelique-duchemin-premiere;https://www.retronews.fr/rubriques/conflits-et-relations-internationales;301
https://www.retronews.fr/conflits-et-relations-internationales/echo-de-presse/2021/09/21/laccueil-en-france-des-refugies;https://www.retronews.fr/rubriques/conflits-et-relations-internationales;301
https://www.retronews.fr/conflits-et-relations-internationales/echo-de-presse/2021/09/21/laccueil-en-france-des-refugies;https://www.retronews.fr/rubriques/conflits-et-relations-internationales;301
https://www.retronews.fr/conflits-et-relations-internationales-histoire-de-la-presse/echo-de-presse/2017/07/26/juillet-1830;https://www.retronews.fr/rubriques/conflits-et-relations-internationales;301
https://www.retronews.fr/colonialisme-compagnies-coloniales-conquetes-guerre/long-format/2018/03/22/la-parution-de-la-force;https://www.retronews.fr/rubriques/colonies;301
https://www.retronews.fr/colonialisme-droits-de-lhomme/long-format/2018/03/26/le-debat-parlementaire-sur-la-politique;https://www.retronews.fr/rubriques/colonies;301
https://www.retronews.fr/colonies/long-format/2021/07/20/metropole-et-colonies-le-cas-particulier-de-lalgerie;https://www.retronews.fr/rubriques/colonies;301
https://www.retronews.fr/colonies/echo-de-presse/2018/04/23/abd-el-kader-lalgerien-qui-declara-la-guerre-sainte-loccupant;https://www.retronews.fr/rubriques/colonies;301
https://www.retronews.fr/colonies/echo-de-presse/2019/07/25/conquete-de-la-tunisie-par-la-france-le-pretexte-de-linsecurite;https://www.retronews.fr/rubriques/colonies;301
https://www.retronews.fr/interviews/il-faut-decoloniser-notre-imaginaire;https://www.retronews.fr/rubriques/colonies;301
https://www.retronews.fr/catastrophes/echo-de-presse/2018/04/23/en-1794-laccident-industriel-le-plus-meurtrier-de-lhistoire;https://www.retronews.fr/rubriques/catastrophes;301
https://www.retronews.fr/catastrophes/echo-de-presse/2018/11/15/incendie-marseille-en-1938-le-dechainement-de-la-presse;https://www.retronews.fr/rubriques/catastrophes;301
https://www.retronews.fr/arts/echo-de-presse/2022/01/18/se%20félicite;https://www.retronews.fr/rubriques/arts;301
https://www.retronews.fr/arts/echo-de-presse/2018/09/30/edgar-allan-poe-pere-de-la-litterature-fantastique-et-produithttps:/www.retronews.fr/arts/echo-de-presse/2018/09/30/edgar-allan-poe-pere-de-la-litterature-fantastique-et-produit;https://www.retronews.fr/rubriques/arts;301
https://www.retronews.fr/arts/echo-de-presse/2018/05/24/casanova-le-libertin-absolu;https://www.retronews.fr/rubriques/arts;301
https://www.retronews.fr/arts/long-format/2021/06/08/Marie-Jeanne;https://www.retronews.fr/rubriques/arts;301
https://www.retronews.fr/arts/echo-de-presse/2016/11/30/honore-daumier-le-genie-de-la-satire;https://www.retronews.fr/rubriques/arts;301
https://www.retronews.fr/arts/echo-de-presse/2018/09/30/edgar-allan-poe-pere-de-la-litterature-fantastique-et-produit;https://www.retronews.fr/rubriques/arts;301
https://www.retronews.fr/arts/echo-de-presse/2018/03/27/leffrayant-crime-et-chatiment-de-dostoievski;https://www.retronews.fr/rubriques/arts;301
https://www.retronews.fr/arts/echo-de-presse/2019/08/05/la-mort-de-maupassant-reactions-dans-la-presse-de-zola-mallarme;https://www.retronews.fr/rubriques/arts;301
"https://www.retronews.fr/arts/long-format/2021/06/08/cb320512056""";https://www.retronews.fr/rubriques/arts;301
https://www.retronews.fr/arts/echo-de-presse/2016/09/08/george-sand-la-scandaleuse;https://www.retronews.fr/rubriques/arts;301
https://www.retronews.fr/rubriques/feuilletons-litteraires;https://www.retronews.fr/rubriques;301
https://www.retronews.fr/rubriques/inondation;https://www.retronews.fr/rubriques;301
https://www.retronews.fr/rubriques/journalistes-et-reporters;https://www.retronews.fr/rubriques;301
https://www.retronews.fr/tags;https://www.retronews.fr/rubriques;301
https://www.retronews.fr/audio/podcast-interview-du-fuhrer-en-1936-ou-hitler-vous-parle-de-pacifisme;https://www.retronews.fr/podcasts;301
https://www.retronews.fr/audio/podcast-chez-les-fous-par-albert-londres-partie-1;https://www.retronews.fr/podcasts;301
https://www.retronews.fr/audio/podcast-les-crimes-de-la-commune;https://www.retronews.fr/podcasts;301
https://www.retronews.fr/audio/podcast-lassassinat-des-freres-rosselli-un-crime-politique-contre-des-militants-anti-fascistes;https://www.retronews.fr/podcasts;301
https://www.retronews.fr/audio/podcast-le-manifeste-de-ces-dames-le-combat-feministe-dhubertine-auclert-moque;https://www.retronews.fr/podcasts;301
https://www.retronews.fr/audio/podcast-jaccuse-par-emile-zola;https://www.retronews.fr/podcasts;301
https://www.retronews.fr/audio/podcast-recits-des-transportes-de-1848;https://www.retronews.fr/podcasts;301
https://www.retronews.fr/audio/podcast-chez-les-fous-partie-2-le-fou-domicile;https://www.retronews.fr/podcasts;301
https://www.retronews.fr/audio/podcast-la-table-de-tolstoi-moscou-1898;https://www.retronews.fr/podcasts;301
https://www.retronews.fr/audio/podcast-lagonie-de-la-basilique-albert-londres-la-cathedrale-de-reims-bombardee;https://www.retronews.fr/podcasts;301
https://www.retronews.fr/audio/podcast-litterature-et-religion-une-visite-chez-joris-karl-huysmans;https://www.retronews.fr/podcasts;301
https://www.retronews.fr/audio/podcast-rencontre-avec-jules-verne-dans-sa-retraite-amienoise;https://www.retronews.fr/podcasts;301
https://www.retronews.fr/content/nous-contacter;https://www.retronews.fr/pages/faq-contacter-retronews;301
https://www.retronews.fr/pages/contact;https://www.retronews.fr/pages/faq-contacter-retronews;301
https://www.retronews.fr/content/declaration-daccessibilite;https://www.retronews.fr/pages/accessibilite;301
https://www.retronews.fr/lecture-publique);https://www.retronews.fr/lecture-publique;301
https://www.retronews.fr/titres-de-presse;https://www.retronews.fr/journaux;301
https://www.retronews.fr/:%20https:/www.retronews.fr/journal/la-depeche/27-juillet-1938/7/c6f8e5db-e20c-4b9f-a849-d07ad252473d;https://www.retronews.fr/journal/la-depeche/27-juillet-1938/7/c6f8e5db-e20c-4b9f-a849-d07ad252473d;301
https://www.retronews.fr/evenement/2021/02/15/series-noires-la-une-podcast-apaches;https://www.retronews.fr/faits-divers/podcast/2025/01/20/apaches-criminelles-belle-epoque;301
https://www.retronews.fr/cinema/echo-de-presse/2018/04/23/premiere-projection-du-cinematographe-par-les-freres-lumiere-en;https://www.retronews.fr/echo-de-presse/2018/04/23/premiere-projection-du-cinematographe-par-les-freres-lumiere-en-1895;301
https://www.retronews.fr/dossier/le-premier-procès-de-dreyfus-en-1894;https://www.retronews.fr/dossiers;301
https://www.retronews.fr/dossier/l’exposition-universelle-de-1900;https://www.retronews.fr/dossiers;301
https://www.retronews.fr/dossier/la-suspension-de-la-liberte-de-presse-en-1830;https://www.retronews.fr/dossiers;301
https://www.retronews.fr/dossier/les-émeutes-antiparlementaires-du-6-février-1934;https://www.retronews.fr/dossiers;301
https://www.retronews.fr/dossier/lassassinat-de-jean-jaures-en-1914?language=en_en;https://www.retronews.fr/dossiers;301
https://www.retronews.fr/dossier/l’assassinat-de-jean-jaurès-en-1914;https://www.retronews.fr/dossiers;301
https://www.retronews.fr/dossier/le-premier-proc%C3%A8s-de-dreyfus-en-1894;https://www.retronews.fr/dossiers;301
https://www.retronews.fr/dossier/la-revolution-de-fevrier-1848;https://www.retronews.fr/dossiers;301
https://www.retronews.fr/dossier/la-france-face-à-la-grippe-espagnole-en-1918-1919;https://www.retronews.fr/dossiers;301
https://www.retronews.fr/dossier/le-trait%C3%A9-de-versailles-en-1919;https://www.retronews.fr/dossiers;301
https://www.retronews.fr/dossier/lexécution-de-ravachol-en-1892;https://www.retronews.fr/dossiers;301
https://www.retronews.fr/dossier/procès-de-flaubert?language=en_en;https://www.retronews.fr/dossiers;301
https://www.retronews.fr/dossier/la-crise-du-phylloxera;https://www.retronews.fr/dossiers;301
https://www.retronews.fr/dossier/la-d%C3%A9faite-de-sedan-1870;https://www.retronews.fr/dossiers;301
https://www.retronews.fr/dossier/la-croisiere-noire-en-1925;https://www.retronews.fr/dossiers;301
https://www.retronews.fr/dossier/la-révolte-de-saint-domingue-en-1791;https://www.retronews.fr/dossiers;301
https://www.retronews.fr/dossier/le-congres-de-tours-1920;https://www.retronews.fr/dossiers;301
https://www.retronews.fr/dossier/les-refugies-armeniens-de-1915;https://www.retronews.fr/dossiers;301
https://www.retronews.fr/dossier/le-début-des-travaux-dhaussmann-en-1853;https://www.retronews.fr/dossiers;301
https://www.retronews.fr/dossier/la-loi-de-séparation-entre-les-églises-et-l’état-en-1905;https://www.retronews.fr/dossiers;301
https://www.retronews.fr/dossier/le-krach-boursier-et-la-crise-de-1929?utm_content=buffercd2d0&utm_medium=social&utm_source=facebook.com&utm_campaign=buffer;https://www.retronews.fr/dossiers;301
https://www.retronews.fr/dossier/les-lois-scolaires-de-jules-ferry-de-1879-à-1882;https://www.retronews.fr/dossiers;301
https://www.retronews.fr/content/les-paysages-de-paris-sous-la-commune;https://www.retronews.fr;301
https://www.retronews.fr/content/tutoriels;https://www.retronews.fr;301
https://www.retronews.fr/content/sequences-pedagogiques;https://www.retronews.fr;301
https://www.retronews.fr/content/archives-de-presse-laviation-la-une-abonnes;https://www.retronews.fr;301
https://www.retronews.fr/content/les-fonctionnalites-du-lecteur;https://www.retronews.fr;301
https://www.retronews.fr/content/v;https://www.retronews.fr;301
https://www.retronews.fr/diaporama/1914-1918-les-grandes-unes-de-larmistice-12;https://www.retronews.fr;301
https://www.retronews.fr/diaporamas;https://www.retronews.fr;301
https://www.retronews.fr/echo-de-presse/2017/12/01/cetait-la-une-linsurrection-des-boxers;https://www.retronews.fr;301
https://www.retronews.fr/edito/landru-un-assassin-très-médiatique;https://www.retronews.fr;301
https://www.retronews.fr/edito/la-revolution-russe-une-histoire-francaise;https://www.retronews.fr;301
https://www.retronews.fr/edito/aux-etats-unis-dabominables-lynchages;https://www.retronews.fr;301
https://www.retronews.fr/edito/georgette-leblanc-metamorphose-dune-egerie;https://www.retronews.fr;301
https://www.retronews.fr/edito/vite-ralentissons;https://www.retronews.fr;301
https://www.retronews.fr/edito/il-faut-decoloniser-notre-imaginaire;https://www.retronews.fr;301
https://www.retronews.fr/edito/landru-un-assassin-tres-mediatique;https://www.retronews.fr;301
https://www.retronews.fr/edito/29-juillet-1881-la-presse-se-libere;https://www.retronews.fr;301
https://www.retronews.fr/edito/le-centenaire-de-la-mort-de-robespierre;https://www.retronews.fr;301
https://www.retronews.fr/edito/les-evenements-russes-vus-par-la-presse-francaise;https://www.retronews.fr;301
https://www.retronews.fr/edito/cochon-contre-vautour-lutte-pour-les-mal-loges-de-paris;https://www.retronews.fr;301
https://www.retronews.fr/edito/françois-mitterrand-à-l’écho-de-paris-1936-1937;https://www.retronews.fr;301
https://www.retronews.fr/edito/belle-epoque-une-societe-qui-confiance-en-lavenir;https://www.retronews.fr;301
https://www.retronews.fr/edito/montessori-eduquer-ce-nest-pas-dresser;https://www.retronews.fr;301
https://www.retronews.fr/edito/la-politique-des-otages-sous-loccupation;https://www.retronews.fr;301
https://www.retronews.fr/edito/le-grand-feuilleton-de-lexploration-polaire;https://www.retronews.fr;301
https://www.retronews.fr/edito/mein-kampf-dans-la-presse-des-années-30;https://www.retronews.fr;301
https://www.retronews.fr/edito/le-jour-ou-la-pub-changea-lhistoire-de-la-presse;https://www.retronews.fr;301
https://www.retronews.fr/edito/jules-valles-le-perpetuel-insurge;https://www.retronews.fr;301
https://www.retronews.fr/edito/theophraste-renaudot-et-la-gazette;https://www.retronews.fr;301
https://www.retronews.fr/edito/la-malediction-de-toutankhamon;https://www.retronews.fr;301
https://www.retronews.fr/edito/de-la-boite-ordures-la-poubelle;https://www.retronews.fr;301
https://www.retronews.fr/edito/attentats-anarchistes-et-lois-scelerates;https://www.retronews.fr;301
https://www.retronews.fr/edito/lindbergh-laigle-solitaire-adore-des-foules;https://www.retronews.fr;301
https://www.retronews.fr/edito/lattentat-la-dynamite-contre-le-sultan-ottoman;https://www.retronews.fr;301
https://www.retronews.fr/edito/dada-et-la-presse-parisienne;https://www.retronews.fr;301
https://www.retronews.fr/embed/la-quotidienne/21-septembre-1816/737/2127085/page/4/crop-rect/206.00/84.00/1180.00/1932.00;https://www.retronews.fr;301
https://www.retronews.fr/embed-journal/le-temps/25-octobre-1937/123/1111553/2;https://www.retronews.fr;301
https://www.retronews.fr/embed-journal/journal-des-debats-politiques-et-litteraires/10-octobre-1876/134/367155/3?fit=264.225.847.466;https://www.retronews.fr;301
https://www.retronews.fr/embed-journal/je-suis-le-veritable-pere-duchesne-foutre-/1-janvier-1794/181/1209805/1?fit=14.51.660.585;https://www.retronews.fr;301
https://www.retronews.fr/evenement-religieux-relations-entre-institutions-religieuses-et-letat-concordat/long-format/2018/03;https://www.retronews.fr;301
https://www.retronews.fr/long-format/2018/05/23/elsa-triolet-premier-prix-goncourt-feminin;https://www.retronews.fr;301
https://www.retronews.fr/long-format/2021/04/14/les-premices-de-la-shoah-la-nuit-de-cristal;https://www.retronews.fr;301
https://www.retronews.fr/node/14;https://www.retronews.fr;301
https://www.retronews.fr/node/8994/edit?destination=admin/content%3Ftitle%3Dsyndicat%26type%3Ddossier%26author%3D%26status%3DAll%26vid%3DAll;https://www.retronews.fr;301
https://www.retronews.fr/node/406;https://www.retronews.fr;301
https://www.retronews.fr/pages/www.edu.retronews.fr;https://www.retronews.fr;301
https://www.retronews.fr/preview;https://www.retronews.fr;301
https://www.retronews.fr/programmes-scolaires;https://www.retronews.fr;301
https://www.retronews.fr/reader;https://www.retronews.fr;301
https://www.retronews.fr/revues/janvier-2022;https://www.retronews.fr;301
https://www.retronews.fr/selections-pro/il-y-75-ans-la-liberation-de-paris;https://www.retronews.fr;301
https://www.retronews.fr/selections-pro;https://www.retronews.fr;301
https://www.retronews.fr/selections-pro/debarquement-de-normandie-le-jour-j-la-une;https://www.retronews.fr;301
https://www.retronews.fr/taxonomy/term/120;https://www.retronews.fr;301
https://www.retronews.fr/actualite/la-révolution-turque-de-1908;https://www.retronews.fr;301
https://www.retronews.fr/actualite/haussmann-et-la-mort-du-vieux-paris;https://www.retronews.fr;301
https://www.retronews.fr/actualite/1936-une-interview-de-franco;https://www.retronews.fr;301
https://www.retronews.fr/actualite/1870-les-ballons-au-secours-de-paris;https://www.retronews.fr;301
https://www.retronews.fr/actualite/la-campagne-degypte-14-la-bataille-des-pyramides;https://www.retronews.fr;301
https://www.retronews.fr/actualite/de-la-justification-des-inégalités;https://www.retronews.fr;301
https://www.retronews.fr/actualite/le-saphisme-condamne-par-la-feministe-severine;https://www.retronews.fr;301
https://www.retronews.fr/actualite/1865-1944-la-sombre-histoire-du-ku-klux-klan;https://www.retronews.fr;301
https://www.retronews.fr/actualite/laffaire-violette-nozière-23;https://www.retronews.fr;301
https://www.retronews.fr/actualite/nosferatu-le-mal-aimé;https://www.retronews.fr;301
https://www.retronews.fr/actualite/laccord-secret-qui-décida-du-sort-du-proche-orient;https://www.retronews.fr;301
https://www.retronews.fr/actualite/journees-sans-tabac;https://www.retronews.fr;301
https://www.retronews.fr/actualite/la-guerre-des-sioux;https://www.retronews.fr;301
https://www.retronews.fr/actualite/24-fevrier-1848-labdication-du-dernier-roi-de-france;https://www.retronews.fr;301
https://www.retronews.fr/actualite/lenlevement-du-bebe-lindbergh-linvention-de-la-presse-mondialisee;https://www.retronews.fr;301
https://www.retronews.fr/actualite/la-naissance-du-spiritisme-en-1857;https://www.retronews.fr;301
https://www.retronews.fr/actualite/les-freaks-lynches-par-la-presse;https://www.retronews.fr;301
https://www.retronews.fr/actualite/victor-hugo-et-la-paix-universelle?utm_content=bufferc0a14&utm_medium=social&utm_source=twitter.com&utm_campaign=buffer;https://www.retronews.fr;301
https://www.retronews.fr/actualite/1848-le-regard-de-tocqueville-sur-la-revolution-quil-avait-predite;https://www.retronews.fr;301
https://www.retronews.fr/actualite/la-fronde-le-premier-quotidien-feministe-au-monde;https://www.retronews.fr;301
https://www.retronews.fr/actualite/felix-faure-mort-en-grande-pompe;https://www.retronews.fr;301
https://www.retronews.fr/actualite/mars-1938-lanschluss-epouvante-la-france-0;https://www.retronews.fr;301
https://www.retronews.fr/actualite/la-création-de-la-mosquée-de-paris;https://www.retronews.fr;301
https://www.retronews.fr/actualite/immigration-italienne-le-debat-dans-la-presse-des-annees-20;https://www.retronews.fr;301
https://www.retronews.fr/actualite/le-meurtrier-de-lavenue-montaigne-12;https://www.retronews.fr;301
https://www.retronews.fr/actualite/mickey-chouchou-de-la-presse-française;https://www.retronews.fr;301
https://www.retronews.fr/actualite/novembre-1917-petrograd-une-rencontre-avec-lenine;https://www.retronews.fr;301
https://www.retronews.fr/actualite/notre-dame-de-paris-le-tour-de-force-de-hugo;https://www.retronews.fr;301
https://www.retronews.fr/actualite/titayna-le-tourbillon-des-années-30;https://www.retronews.fr;301
https://www.retronews.fr/actualite/la-crue-du-siècle-hier-et-demain;https://www.retronews.fr;301
https://www.retronews.fr/actualite/laffaire-henri-rochette-22;https://www.retronews.fr;301
https://www.retronews.fr/actualite/colette-romancière-actrice-mime-et-journaliste;https://www.retronews.fr;301
https://www.retronews.fr/actualite/lepopee-meurtriere-des-chauffeurs-de-la-drome-0;https://www.retronews.fr;301
https://www.retronews.fr/actualite/la-confusion-autour-du-meurtre-dabraham-lincoln;https://www.retronews.fr;301
https://www.retronews.fr/actualite/rebours-le-grand-roman-fin-de-siecle-de-huysmans-2;https://www.retronews.fr;301
https://www.retronews.fr/actualite/la-morgue-de-paris-musee-des-suicides-et-des-assassines;https://www.retronews.fr;301
https://www.retronews.fr/actualite/limpot-sur-le-revenu-la-polemique;https://www.retronews.fr;301
https://www.retronews.fr/actualite/francais-partez-en-vacances;https://www.retronews.fr;301
https://www.retronews.fr/actualite/la-campagne-degypte-24-lexpedition-de-syrie;https://www.retronews.fr;301
https://www.retronews.fr/actualite/la-campagne-degypte-34-la-bataille-daboukir;https://www.retronews.fr;301
https://www.retronews.fr/actualite/le-soviet-selon-la-presse-francaise-de-1917-chaos-et-anarchie;https://www.retronews.fr;301
https://www.retronews.fr/actualite/grèves-et-naissance-du-syndicalisme-de-masse;https://www.retronews.fr;301
https://www.retronews.fr/actualite/la-condamnation-de-violette-nozière-33;https://www.retronews.fr;301
https://www.retronews.fr/actualite/1871-marx-propos-de-la-commune-de-paris;https://www.retronews.fr;301
https://www.retronews.fr/actualite/fevrier-1848-lamartine-proclame-la-deuxieme-republique-0;https://www.retronews.fr;301
https://www.retronews.fr/actualite/revolution-la-plage-les-baigneurs-se-devetissent;https://www.retronews.fr;301
https://www.retronews.fr/actualite/laffaire-rochette-12;https://www.retronews.fr;301
https://www.retronews.fr/actualite/juillet-1830-les-barricades-des-trois-glorieuses;https://www.retronews.fr;301
https://www.retronews.fr/actualite/comment-le-sapin-de-noel-est-il-arrive-en-france;https://www.retronews.fr;301
https://www.retronews.fr/actualite/labbe-gregoire-combattant-anti-esclavagiste?language=en_en;https://www.retronews.fr;301
https://www.retronews.fr/actualite/dumas-feuilletoniste-et-patron-de-presse;https://www.retronews.fr;301
https://www.retronews.fr/actualite/linsaisissable-vampire-de-dusseldorf-12-0?language=en_en;https://www.retronews.fr;301
https://www.retronews.fr/actualite/le-proces-doscar-wilde;https://www.retronews.fr;301
https://www.retronews.fr/actualite/le-proces-doscar-wilde;https://www.retronews.fr;301
https://www.retronews.fr/au-quotidien;https://www.retronews.fr;301
https://www.retronews.fr/boutique/dossier/les-congés-payés-en-1936;https://www.retronews.fr;301
https://www.retronews.fr/:%20https:/www.retronews.fr/journal/la-france-de-bordeaux-et-du-sud-ouest/07-aout-1923/4/47a10b6b-33ba-4ade-a981-029ab53e09a3;https:/www.retronews.fr/journal/la-france-de-bordeaux-et-du-sud-ouest/07-aout-1923/4/47a10b6b-33ba-4ade-a981-029ab53e09a3;301
https://www.retronews.fr/période/la-restauration-1814-1830;https://www.retronews.fr/timeline/restauration;301
https://www.retronews.fr/timeline/premiere-guerre-mondiale-1914-1918;https://www.retronews.fr/timeline/premiere-guerre-mondiale;301
https://www.retronews.fr/frequence_terme;https://www.retronews.fr/search;301
https://www.retronews.fr/content/william-blanc;https://www.retronews.fr/contributeurs/william-blanc;301
https://www.retronews.fr/content/sylvain-venayre;https://www.retronews.fr/contributeurs/sylvain-venayre;301
https://www.retronews.fr/content/quentin-deluermoz;https://www.retronews.fr/contributeurs/quentin-deluermoz;301
https://www.retronews.fr/content/pierre-singaravelou;https://www.retronews.fr/contributeurs/pierre-singaravelou;301
https://www.retronews.fr/content/octave-mirbeau;https://www.retronews.fr/contributeurs/octave-mirbeau;301
https://www.retronews.fr/content/nicolas-offenstadt;https://www.retronews.fr/contributeurs/nicolas-offenstadt;301
https://www.retronews.fr/content/michele-pedinielli;https://www.retronews.fr/contributeurs/michele-pedinielli;301
https://www.retronews.fr/content/georges-sadoul;https://www.retronews.fr/contributeurs/georges-sadoul;301
https://www.retronews.fr/content/georges-melies;https://www.retronews.fr/contributeurs/georges-melies;301
https://www.retronews.fr/content/emmanuel-fureix;https://www.retronews.fr/contributeurs/emmanuel-fureix;301
https://www.retronews.fr/content/dominique-kalifa;https://www.retronews.fr/contributeurs/dominique-kalifa;301
https://www.retronews.fr/content/andree-viollis;https://www.retronews.fr/contributeurs/andree-viollis;301
https://www.retronews.fr/inscription/spme23;https://www.retronews.fr/abonnement;301
https://www.retronews.fr/inscription/fb0418;https://www.retronews.fr/abonnement;301
https://www.retronews.fr/inscription/clemi;https://www.retronews.fr/abonnement;301
https://www.retronews.fr/actualite/le-corbusier-acclame-et-controverse;https://www.retronews.fr/arts/echo-de-presse/2016/07/18/le-corbusier-acclame-et-controverse;301
https://www.retronews.fr/actualite/la-mort-de-claude-monet;https://www.retronews.fr/arts/echo-de-presse/2016/12/02/la-mort-de-claude-monet;301
https://www.retronews.fr/actualite/le-triomphe-de-metropolis;https://www.retronews.fr/arts/echo-de-presse/2017/01/09/le-triomphe-de-metropolis;301
https://www.retronews.fr/arts-education/echo-de-presse/2017/02/04/voltaire-encense-par-victor-hugo;https://www.retronews.fr/arts/echo-de-presse/2017/02/04/voltaire-encense-par-victor-hugo;301
https://www.retronews.fr/actualite/saint-exupery-et-la-prison-de-sable-12;https://www.retronews.fr/arts/echo-de-presse/2017/04/28/saint-exupery-et-la-prison-de-sable-12;301
https://www.retronews.fr/arts-feuilletons-litteraires/echo-de-presse/2017/04/28/saint-exupery-et-la-prison-de-sable-12;https://www.retronews.fr/arts/echo-de-presse/2017/04/28/saint-exupery-et-la-prison-de-sable-12;301
https://www.retronews.fr/arts-feuilletons-litteraires/echo-de-presse/2017/05/19/1937-lespoir-de-malraux-dans-le-journal-ce;https://www.retronews.fr/arts/echo-de-presse/2017/05/19/1937-lespoir-de-malraux-dans-le-journal-ce;301
https://www.retronews.fr/arts-feuilletons-litteraires/echo-de-presse/2017/06/02/le-tour-du-monde-en-quatre-vingts-jours-en;https://www.retronews.fr/arts/echo-de-presse/2017/06/02/le-tour-du-monde-en-quatre-vingts-jours-en;301
https://www.retronews.fr/arts-feuilletons-litteraires/echo-de-presse/2017/06/23/1844-parution-du-comte-de-monte-cristo;https://www.retronews.fr/arts/echo-de-presse/2017/06/23/1844-parution-du-comte-de-monte-cristo;301
https://www.retronews.fr/actualite/napoleon-iii-nouvel-historien-de-jules-cesar;https://www.retronews.fr/arts/echo-de-presse/2017/10/09/napoleon-iii-nouvel-historien-de-jules-cesar;301
https://www.retronews.fr/actualite/1932-le-choc-voyage-au-bout-de-la-nuit;https://www.retronews.fr/arts/echo-de-presse/2017/10/27/1932-le-choc-voyage-au-bout-de-la-nuit;301
https://www.retronews.fr/actualite/le-corbeau-de-clouzot-pro-ou-anti-collaboration;https://www.retronews.fr/arts/echo-de-presse/2017/11/15/le-corbeau-de-clouzot-pro-ou-anti-collaboration;301
https://www.retronews.fr/actualite/gide-et-le-scandale-de-corydon-son-plaidoyer-pour-lhomosexualite;https://www.retronews.fr/arts/echo-de-presse/2017/11/17/gide-et-le-scandale-de-corydon-son-plaidoyer-pour-lhomosexualite;301
https://www.retronews.fr/arts-societe/echo-de-presse/2017/12/04/loccultiste-aleister-crowley-persona-non-grata-en-france;https://www.retronews.fr/arts/echo-de-presse/2017/12/04/loccultiste-aleister-crowley-persona-non-grata-en-france;301
https://www.retronews.fr/actualite/1883-le-cri-de-maupassant-contre-la-guerre;https://www.retronews.fr/arts/echo-de-presse/2017/12/07/1883-le-cri-de-maupassant-contre-la-guerre;301
https://www.retronews.fr/arts-faits-divers-societe/echo-de-presse/2017/12/11/le-legendaire-duel-au-pistolet-de-marcel-proust;https://www.retronews.fr/arts/echo-de-presse/2017/12/11/le-legendaire-duel-au-pistolet-de-marcel-proust;301
https://www.retronews.fr/actualite/maiakovski-suicide-dun-poete-revolutionnaire;https://www.retronews.fr/arts/echo-de-presse/2017/12/11/maiakovski-suicide-dun-poete-revolutionnaire;301
https://www.retronews.fr/litterature/echo-de-presse/2020/08/31/1942-letranger-de-camus-derange;https://www.retronews.fr/arts/echo-de-presse/2017/12/26/1942-letranger-de-camus-derange;301
https://www.retronews.fr/arts/echo-de-presse/2017/12/29/ulysse-de-james-joyce-le-roman-monstre-du-xxe-sieclehttps:/www.retronews.fr/arts/echo-de-presse/2017/12/29/ulysse-de-james-joyce-le-roman-monstre-du-xxe-siecle;https://www.retronews.fr/arts/echo-de-presse/2017/12/29/ulysse-de-james-joyce-le-roman-monstre-du-xxe-siecle;301
https://www.retronews.fr/arts-peinture/echo-de-presse/2018/01/09/lexposition-nazie-dart-degenere-en-1937;https://www.retronews.fr/arts/echo-de-presse/2018/01/09/lexposition-nazie-dart-degenere-en-1937;301
https://www.retronews.fr/actualite/defendre-dada-acte-rare-dans-les-annees-1920;https://www.retronews.fr/arts/echo-de-presse/2018/02/06/defendre-dada-acte-rare-dans-les-annees-1920;301
https://www.retronews.fr/arts/echo-de-presse/2018/04/10/georges-melies-precurseur-du-cinema;https://www.retronews.fr/arts/echo-de-presse/2021/08/18/georges-melies-precurseur-du-cinema;301
https://www.retronews.fr/arts/echo-de-presse/2017/09/22/1824-la-mort-de-lord-byron-genie-revolte-et-scandaleux;https://www.retronews.fr/arts/echo-de-presse/2021/08/21/1824-la-mort-de-lord-byron-genie-revolte-et-scandaleux;301
https://www.retronews.fr/actualite/1824-la-mort-de-lord-byron-genie-revolte-et-scandaleux;https://www.retronews.fr/arts/echo-de-presse/2021/08/21/1824-la-mort-de-lord-byron-genie-revolte-et-scandaleux;301
https://www.retronews.fr/arts/echo-de-presse/2018/03/27/1921-charlie-chaplin-pour-la-premiere-fois-paris;https://www.retronews.fr/arts/echo-de-presse/2021/09/06/1921-charlie-chaplin-pour-la-premiere-fois-paris;301
https://www.retronews.fr/arts/echo/2025/01/09/l-illustrateur-albert-robida;https://www.retronews.fr/arts/echo-de-presse/2025/01/09/l-illustrateur-albert-robida;301
https://www.retronews.fr/arts/grandes-unes/2023/03/04/la-poire-louis-philippe;https://www.retronews.fr/arts/grande-une/2023/03/04/la-poire-louis-philippe;301
https://www.retronews.fr/arts-colonies/long-format/2018/03/20/1927-voyage-au-congo-dandre-gide;https://www.retronews.fr/arts/long-format/2018/03/20/1927-voyage-au-congo-dandre-gide;301
https://www.retronews.fr/catastrophes-faits-divers/echo-de-presse/2016/04/14/le-naufrage-du-titanic-un-accident-sans-gravite;https://www.retronews.fr/catastrophes/echo-de-presse/2016/04/14/le-naufrage-du-titanic-un-accident-sans-gravite;301
https://www.retronews.fr/actualite/1910-la-grande-crue-de-la-seine;https://www.retronews.fr/catastrophes/echo-de-presse/2016/06/01/1910-la-grande-crue-de-la-seine;301
https://www.retronews.fr/actualite/le-premier-mai-sanglant-de-fourmies;https://www.retronews.fr/catastrophes/echo-de-presse/2017/04/30/le-premier-mai-sanglant-de-fourmies;301
https://www.retronews.fr/rites/chronique/2020/10/19/zombis-haiti-culture-populaire;https://www.retronews.fr/chronique/2020/10/19/zombis-haiti-culture-populaire;301
https://www.retronews.fr/actualite/lhumanite-donne-la-parole-aux-colonises;https://www.retronews.fr/colonies/echo-de-presse/2017/03/02/lhumanite-donne-la-parole-aux-colonises;301
https://www.retronews.fr/colonies-peuples-colonises/echo-de-presse/2018/01/05/1922-le-proces-de-gandhi-lagitateur;https://www.retronews.fr/colonies/echo-de-presse/2018/01/05/1922-le-proces-de-gandhi-lagitateur;301
https://www.retronews.fr/actualite/il-y-cent-ans-la-bataille-de-verdun;https://www.retronews.fr/conflits-et-relations-internationales/echo-de-presse/2016/01/21/il-y-cent-ans-la-bataille-de-verdun;301
https://www.retronews.fr/conflits-et-relations-internationales-societe/echo-de-presse/2016/11/10/lamertume-de-larmistice;https://www.retronews.fr/conflits-et-relations-internationales/echo-de-presse/2016/11/10/lamertume-de-larmistice;301
https://www.retronews.fr/actualite/hitler-interviewe-par-paris-soir;https://www.retronews.fr/conflits-et-relations-internationales/echo-de-presse/2017/01/03/hitler-interviewe-par-paris-soir;301
https://www.retronews.fr/actualite/victor-hugo-et-la-paix-universelle;https://www.retronews.fr/conflits-et-relations-internationales/echo-de-presse/2017/01/13/victor-hugo-et-la-paix-universelle;301
https://www.retronews.fr/conflits-et-relations-internationales/echo-de-presse/2020/09/08/le-genocide-des-hereros;https://www.retronews.fr/conflits-et-relations-internationales/echo-de-presse/2017/05/16/le-genocide-des-hereros;301
https://www.retronews.fr/video/1934-la-nuit-des-longs-couteaux;https://www.retronews.fr/conflits-et-relations-internationales/echo-de-presse/2017/07/02/1934-la-nuit-des-longs-couteaux;301
https://www.retronews.fr/actualite/1870-la-sanglante-bataille-de-sedan;https://www.retronews.fr/conflits-et-relations-internationales/echo-de-presse/2017/08/21/1870-la-sanglante-bataille-de-sedan;301
https://www.retronews.fr/conflits-et-relations-internationales-politique/echo-de-presse/2017/08/29/une-interview-geopolitique;https://www.retronews.fr/conflits-et-relations-internationales/echo-de-presse/2017/08/29/une-interview-geopolitique;301
https://www.retronews.fr/conflits-et-relations-internationales/echo-de-presse/2022/03/29/1940-le-dictateur-de-chaplin-attaque;https://www.retronews.fr/conflits-et-relations-internationales/echo-de-presse/2017/10/12/1940-le-dictateur-de-chaplin-attaque;301
https://www.retronews.fr/conflits-et-relations-internationales/echo-de-presse/2020/08/06/1944-premiers-temoignages-de;https://www.retronews.fr/conflits-et-relations-internationales/echo-de-presse/2018/01/26/1944-premiers-temoignages-de;301
https://www.retronews.fr/conflits-et-relations-internationales/echo-de-presse/2021/04/14/le-genocide-armenien-denonce-par-la;https://www.retronews.fr/conflits-et-relations-internationales/echo-de-presse/2018/02/12/le-genocide-armenien-denonce-par-la;301
https://www.retronews.fr/conflits-et-relations-internationales/echo-de-presse/2021/06/11/les-photos-de-robert-capa-pendant-la;https://www.retronews.fr/conflits-et-relations-internationales/echo-de-presse/2018/02/27/les-photos-de-robert-capa-pendant-la;301
https://www.retronews.fr/conflits-et-relations-internationales/echo-de-presse/2020/08/24/1944-oradour-sur-glane-symbole-de-la;https://www.retronews.fr/conflits-et-relations-internationales/echo-de-presse/2018/02/28/1944-oradour-sur-glane-symbole-de-la;301
https://www.retronews.fr/echo-de-presse/2018/09/10/la-promulgation-du-statut-des-juifs-par-vichy;https://www.retronews.fr/conflits-et-relations-internationales/echo-de-presse/2018/09/10/la-promulgation-du-statut-des-juifs-par-vichy;301
https://www.retronews.fr/conflits-et-relations-internationales/echo-de-presse/2017/03/10/la-vraie-vie-de-lawrence-darabie;https://www.retronews.fr/conflits-et-relations-internationales/echo-de-presse/2020/08/31/la-vraie-vie-de-lawrence-darabie;301
https://www.retronews.fr/actualite/1870-il-ny-pas-de-siege-de-paris-possible;https://www.retronews.fr/conflits-et-relations-internationales/echo-de-presse/2021/09/07/1870-il-ny-pas-de-siege-de-paris-possible;301
https://www.retronews.fr/conflits-et-relations-internationales/long-format/2019/03/29/simone-tery-raconte-la-guerre-d-espagne;https://www.retronews.fr/conflits-et-relations-internationales/long-format/2022/12/29/simone-tery-raconte-la-guerre-d-espagne;301
https://www.retronews.fr/actualite/linsaisissable-vampire-de-dusseldorf-12;https://www.retronews.fr/echo-de-presse/2017/06/05/linsaisissable-vampire-de-dusseldorf-12;301
https://www.retronews.fr/actualite/cetait-la-une-1890-le-droit-lavortement;https://www.retronews.fr/echo-de-presse/2017/11/10/cetait-la-une-1890-le-droit-lavortement;301
https://www.retronews.fr/actualite/le-jour-ou-nice-devint-francaise;https://www.retronews.fr/echo-de-presse/2017/12/04/le-jour-ou-nice-devint-francaise;301
https://www.retronews.fr/politique/echo-de-presse/2020/09/08/le-jour-ou-nice-devint-francaise;https://www.retronews.fr/echo-de-presse/2017/12/04/le-jour-ou-nice-devint-francaise;301
https://www.retronews.fr/migrations-societe/echo-de-presse/2017/12/05/quand-la-republique-instituait-le-controle-des-roms;https://www.retronews.fr/echo-de-presse/2017/12/05/quand-la-republique-instituait-le-controle-des-roms;301
https://www.retronews.fr/actualite/victor-hugo-fervent-apotre-du-spiritisme;https://www.retronews.fr/echo-de-presse/2017/12/06/victor-hugo-fervent-apotre-du-spiritisme;301
https://www.retronews.fr/feuilletons-litteraires/echo-de-presse/2018/01/10/david-copperfield-de-charles-dickens-dans;https://www.retronews.fr/echo-de-presse/2018/01/10/david-copperfield-de-charles-dickens-dans;301
https://www.retronews.fr/actualite/1930-un-entretien-avec-le-rebelle-gandhi;https://www.retronews.fr/echo-de-presse/2018/03/09/1930-un-entretien-avec-le-rebelle-gandhi;301
https://www.retronews.fr/enjeux-territoriaux/echo-de-presse/2018/03/12/mars-1938-lanschluss-epouvante-la-france;https://www.retronews.fr/echo-de-presse/2018/03/12/mars-1938-lanschluss-epouvante-la-france;301
https://www.retronews.fr/actualite/la-greve-lorigine-du-germinal-de-zola;https://www.retronews.fr/echo-de-presse/2018/03/14/la-greve-lorigine-du-germinal-de-zola;301
https://www.retronews.fr/proces/echo-de-presse/2018/04/20/le-premier-proces-de-dreyfus-en-1894;https://www.retronews.fr/echo-de-presse/2018/03/29/le-premier-proces-de-dreyfus-en-1894;301
https://www.retronews.fr/greve/echo-de-presse/2018/04/20/les-greves-de-carmaux-en-1892;https://www.retronews.fr/echo-de-presse/2018/04/20/les-greves-de-carmaux-en-1892;301
https://www.retronews.fr/greve/echo-de-presse/2018/04/20/lyon-en-flammes-les-revoltes-ouvrieres-des-canuts;https://www.retronews.fr/echo-de-presse/2018/04/20/lyon-en-flammes-les-revoltes-ouvrieres-des-canuts;301
https://www.retronews.fr/prix-et-recompenses/echo-de-presse/2018/04/23/le-prix-nobel-de-chimie-marie-curie-en-1911;https://www.retronews.fr/echo-de-presse/2018/04/23/le-prix-nobel-de-chimie-marie-curie-en-1911;301
https://www.retronews.fr/dossier/la-loi-de-separation-entre-les-eglises-et-letat-en-1905;https://www.retronews.fr/echo-de-presse/2018/04/25/la-loi-de-separation-entre-les-eglises-et-letat-en-1905;301
https://www.retronews.fr/musique/echo-de-presse/2018/05/24/le-compositeur-erik-satie-de-musico-loufoque-sublime-prophete;https://www.retronews.fr/echo-de-presse/2018/05/24/le-compositeur-erik-satie-de-musico-loufoque-sublime-prophete;301
https://www.retronews.fr/journaux/echo-de-presse/2018/06/25/1915-naissance-du-journal-le-canard-enchaine;https://www.retronews.fr/echo-de-presse/2018/06/25/1915-naissance-du-journal-le-canard-enchaine;301
https://www.retronews.fr/massacre/echo-de-presse/2020/01/09/guy-moquet-martyr-communiste-de-17-ans;https://www.retronews.fr/echo-de-presse/2020/01/09/guy-moquet-martyr-communiste-de-17-ans;301
https://www.retronews.fr/actualite/mussolini-fusille-puis-lynche-par-la-foule-italienne;https://www.retronews.fr/echo-de-presse/2020/08/07/mussolini-fusille-puis-lynche-par-la-foule-italienne;301
https://www.retronews.fr/desordres-civils/echo-de-presse/2018/01/04/mussolini-fusille-puis-lynche-par-la-foule-italienne;https://www.retronews.fr/echo-de-presse/2020/08/07/mussolini-fusille-puis-lynche-par-la-foule-italienne;301
https://www.retronews.fr/arts/echo-de-presse/2017/12/22/lillustre-photographie-du-monstre-du-loch-ness;https://www.retronews.fr/echo-de-presse/2020/09/02/lillustre-photographie-du-monstre-du-loch-ness;301
https://www.retronews.fr/ideologies-et-systemes/echo-de-presse/2020/09/12/1926-le-debut-de-la-dictature-militaire-au-portugal;https://www.retronews.fr/echo-de-presse/2020/09/12/1926-le-debut-de-la-dictature-militaire-au-portugal;301
https://www.retronews.fr/societe/echo-de-presse/2018/01/11/1852-creation-du-bagne-de-guyane;https://www.retronews.fr/echo-de-presse/2021/04/08/1852-creation-du-bagne-de-guyane;301
https://www.retronews.fr/echo-de-presse/2018/04/27/5-mai-1821-napoleon-meurt-sainte-helene;https://www.retronews.fr/echo-de-presse/2022/05/05/5-mai-1821-napoleon-meurt-sainte-helene;301
https://www.retronews.fr/chronique/2019/07/20/quand-paris-puait;https://www.retronews.fr/echo-de-presse/2023/08/17/quand-paris-puait;301
https://www.retronews.fr/environnement-societe/echo-de-presse/2021/04/25/la-creation-du-parc-des-buttes-chaumont-en-1867;https://www.retronews.fr/environnement/echo-de-presse/2021/04/25/la-creation-du-parc-des-buttes-chaumont-en-1867;301
https://www.retronews.fr/actualite/helene-jegado-la-serial-killer-larsenic;https://www.retronews.fr/faits-divers/echo-de-presse/2016/12/12/helene-jegado-la-serial-killer-larsenic;301
https://www.retronews.fr/faits-divers-justice/echo-de-presse/2017/02/05/laffaire-violette-noziere-13;https://www.retronews.fr/faits-divers/echo-de-presse/2017/02/05/laffaire-violette-noziere-13;301
https://www.retronews.fr/faits-divers-justice/echo-de-presse/2017/02/28/lhorrible-forfait-des-soeurs-papin-12;https://www.retronews.fr/faits-divers/echo-de-presse/2017/02/28/lhorrible-forfait-des-soeurs-papin-12;301
https://www.retronews.fr/actualite/lexpeditif-proces-des-soeurs-papin-22;https://www.retronews.fr/faits-divers/echo-de-presse/2017/03/02/lexpeditif-proces-des-soeurs-papin-22;301
https://www.retronews.fr/faits-divers-politique/echo-de-presse/2017/05/18/le-duel-clemenceau-deschanel;https://www.retronews.fr/faits-divers/echo-de-presse/2017/05/18/le-duel-clemenceau-deschanel;301
https://www.retronews.fr/actualite/le-duel-clemenceau-deschanel;https://www.retronews.fr/faits-divers/echo-de-presse/2017/05/18/le-duel-clemenceau-deschanel;301
https://www.retronews.fr/actualite/marguerite-steinheil-de-demi-mondaine-veuve-rouge-12;https://www.retronews.fr/faits-divers/echo-de-presse/2017/05/30/marguerite-steinheil-de-demi-mondaine-veuve-rouge-12;301
https://www.retronews.fr/actualite/petite-histoire-de-lempoisonnement;https://www.retronews.fr/faits-divers/echo-de-presse/2017/06/28/petite-histoire-de-lempoisonnement;301
https://www.retronews.fr/faits-divers-societe/echo-de-presse/2017/06/28/petite-histoire-de-lempoisonnement;https://www.retronews.fr/faits-divers/echo-de-presse/2017/06/28/petite-histoire-de-lempoisonnement;301
https://www.retronews.fr/faits-divers-histoire-de-la-presse/echo-de-presse/2017/07/11/lenlevement-du-bebe-lindbergh;https://www.retronews.fr/faits-divers/echo-de-presse/2017/07/11/lenlevement-du-bebe-lindbergh;301
https://www.retronews.fr/actualite/la-furie-aveugle-du-premier-tueur-en-serie-joseph-vacher;https://www.retronews.fr/faits-divers/echo-de-presse/2017/11/24/la-furie-aveugle-du-premier-tueur-en-serie-joseph-vacher;301
https://www.retronews.fr/actualite/meurtre-dun-huissier-ou-laffaire-de-la-malle-gouffe;https://www.retronews.fr/faits-divers/echo-de-presse/2018/01/23/meurtre-dun-huissier-ou-laffaire-de-la-malle-gouffe;301
https://www.retronews.fr/faits-divers/echo-de-presse/2018/03/30/1901-lignoble-cas-de-la-sequestree-de-poitiers;https://www.retronews.fr/faits-divers/echo-de-presse/2021/08/10/1901-lignoble-cas-de-la-sequestree-de-poitiers;301
https://www.retronews.fr/faits-divers-proces/long-format/2018/03/20/laffaire-troppmann-en-1869;https://www.retronews.fr/faits-divers/long-format/2018/03/20/laffaire-troppmann-en-1869;301
https://www.retronews.fr/societe/genealogie/2022/01/12/un-commercant-dans-la-famille-suivez-son-activite-dans-retronews;https://www.retronews.fr/genealogie/genealogie/2022/01/12/un-commercant-dans-la-famille-suivez-son-activite-dans-retronews;301
https://www.retronews.fr/economie/genealogie/2022/02/22/un-commerce-dans-la-famille-impregnez-vous-des-lieux-grace-retronews;https://www.retronews.fr/genealogie/genealogie/2022/02/22/un-commerce-dans-la-famille-impregnez-vous-des-lieux-grace-retronews;301
https://www.retronews.fr/education/genealogie/2022/06/13/quels-diplomes-dans-la-famille-retrouvez-les-dans-retronews;https://www.retronews.fr/genealogie/genealogie/2022/06/13/quels-diplomes-dans-la-famille-retrouvez-les-dans-retronews;301
https://www.retronews.fr/sante/genealogie/2022/10/18/genealogie-medecin-famille-carriere-retronews;https://www.retronews.fr/genealogie/genealogie/2022/10/18/genealogie-medecin-famille-carriere-retronews;301
https://www.retronews.fr/societe/genealogie/2022/12/12/deces-introuvable-famille-genealogie;https://www.retronews.fr/genealogie/genealogie/2022/12/12/deces-introuvable-famille-genealogie;301
https://www.retronews.fr/histoire-de-la-presse/genealogie/2023/01/17/auteur-journaliste-famille-trace-retronews;https://www.retronews.fr/genealogie/genealogie/2023/01/17/auteur-journaliste-famille-trace-retronews;301
https://www.retronews.fr/education/genealogie/2023/10/10/instituteur-arbre-genealoqique-famille;https://www.retronews.fr/genealogie/genealogie/2023/10/10/instituteur-arbre-genealoqique-famille;301
https://www.retronews.fr/societe/genealogie/2023/12/18/retrouvez-votre-famille-par-monts-et-par-vaux-grace-retronews;https://www.retronews.fr/genealogie/genealogie/2023/12/18/retrouvez-votre-famille-par-monts-et-par-vaux-grace-retronews;301
https://www.retronews.fr/societe/genealogie/2024/04/08/de-la-famille-montee-paris-retrouvez-sa-trace-dans-retronews;https://www.retronews.fr/genealogie/genealogie/2024/04/08/de-la-famille-montee-paris-retrouvez-sa-trace-dans-retronews;301
https://www.retronews.fr/genealogie/2025/02/07/genealogie-descendante-retronews;https://www.retronews.fr/genealogie/genealogie/2025/02/25/genealogie-descendante-retronews;301
https://www.retronews.fr/histoire-de-la-presse-medias/echo-de-presse/2016/02/26/la-naissance-de-la-critique-de-cinema;https://www.retronews.fr/histoire-de-la-presse/echo-de-presse/2016/02/26/la-naissance-de-la-critique-de-cinema;301
https://www.retronews.fr/actualite/marcel-proust-au-figaro;https://www.retronews.fr/histoire-de-la-presse/echo-de-presse/2016/03/13/marcel-proust-au-figaro;301
https://www.retronews.fr/histoire-de-la-presse-medias/echo-de-presse/2016/03/27/saint-exupery-reporter-en-urss;https://www.retronews.fr/histoire-de-la-presse/echo-de-presse/2016/03/27/saint-exupery-reporter-en-urss;301
https://www.retronews.fr/histoire-de-la-presse-medias/echo-de-presse/2016/05/20/colette-romanciere-actrice-mime-et;https://www.retronews.fr/histoire-de-la-presse/echo-de-presse/2016/05/20/colette-romanciere-actrice-mime-et;301
https://www.retronews.fr/actualite/infatigable-albert-londres;https://www.retronews.fr/histoire-de-la-presse/echo-de-presse/2016/06/03/infatigable-albert-londres;301
https://www.retronews.fr/actualite/maurras-degout-de-tous-et-haine-des-autres;https://www.retronews.fr/histoire-de-la-presse/echo-de-presse/2016/06/10/maurras-degout-de-tous-et-haine-des-autres;301
https://www.retronews.fr/histoire-de-la-presse-medias/echo-de-presse/2016/07/07/francois-mauriac-journaliste-lecho-de-paris;https://www.retronews.fr/histoire-de-la-presse/echo-de-presse/2016/07/07/francois-mauriac-journaliste-lecho-de-paris;301
https://www.retronews.fr/histoire-de-la-presse-medias/echo-de-presse/2017/02/01/andre-gill-dessinateur-charge;https://www.retronews.fr/histoire-de-la-presse/echo-de-presse/2017/02/01/andre-gill-dessinateur-charge;301
https://www.retronews.fr/histoire-de-la-presse-politique/echo-de-presse/2017/07/24/juillet-1830-la-revolution-des;https://www.retronews.fr/histoire-de-la-presse/echo-de-presse/2017/07/24/juillet-1830-la-revolution-des;301
https://www.retronews.fr/histoire-de-la-presse/echo-de-presse/2021/09/01/1897-la-fronde-quotidien-feministe-concu-et-dirige;https://www.retronews.fr/histoire-de-la-presse/echo-de-presse/2017/10/25/1897-la-fronde-quotidien-feministe-concu-et-dirige;301
https://www.retronews.fr/histoire-de-la-presse/grandes-unes/2023/02/25/lhumanite-en-deuil-lenine-vient-de-mourir;https://www.retronews.fr/histoire-de-la-presse/grande-une/2023/02/25/lhumanite-en-deuil-lenine-vient-de-mourir;301
https://www.retronews.fr/actualite/labominable-venalite-de-la-presse-francaise;https://www.retronews.fr/histoire-de-la-presse/grande-une/2023/03/21/labominable-venalite-de-la-presse-francaise;301
https://www.retronews.fr/histoire-de-la-presse/grandes-unes/2023/03/21/labominable-venalite-de-la-presse-francaise;https://www.retronews.fr/histoire-de-la-presse/grande-une/2023/03/21/labominable-venalite-de-la-presse-francaise;301
https://www.retronews.fr/histoire-de-la-presse-politique/grands-articles/2023/03/21/coup-detat-napoleon-1851-censure-presse;https://www.retronews.fr/histoire-de-la-presse/grands-articles/2023/03/21/coup-detat-napoleon-1851-censure-presse;301
https://www.retronews.fr/histoire-de-la-presse/interview/2025/01/06/une-histoire-de-charlie-hebdo;https://www.retronews.fr/histoire-de-la-presse/interview/2025/01/08/une-histoire-de-charlie-hebdo;301
https://www.retronews.fr/content/la-suspension-de-la-liberte-de-la-presse-en-1830;https://www.retronews.fr/histoire-de-la-presse/long-format/2018/03/22/la-suspension-de-la-liberte-de-la-presse-en-1830;301
https://www.retronews.fr/dossier/jaccuse-de-zola-en-1898;https://www.retronews.fr/histoire-de-la-presse/long-format/2018/04/04/jaccuse-de-zola-en-1898;301
https://www.retronews.fr/histoire-de-la-presse-presse-ecrite/long-format/2018/04/04/jaccuse-de-zola-en-1898;https://www.retronews.fr/histoire-de-la-presse/long-format/2018/04/04/jaccuse-de-zola-en-1898;301
https://www.retronews.fr/dossier/la-refondation-du-cri-du-peuple-en-1883;https://www.retronews.fr/histoire-de-la-presse/long-format/2018/04/04/la-refondation-du-cri-du-peuple-en-1883;301
https://www.retronews.fr/actualite/laffaire-hanau-la-une-12;https://www.retronews.fr/justice/echo-de-presse/2017/02/27/laffaire-hanau-la-une-12;301
https://www.retronews.fr/actualite/lepilogue-de-laffaire-hanau-22;https://www.retronews.fr/justice/echo-de-presse/2017/03/04/lepilogue-de-laffaire-hanau-22;301
https://www.retronews.fr/actualite/au-nom-du-peret-du-fisc-et-du-saint-oustric-22;https://www.retronews.fr/justice/echo-de-presse/2017/03/30/au-nom-du-peret-du-fisc-et-du-saint-oustric-22;301
https://www.retronews.fr/actualite/cetait-la-une-clemenceau-contre-la-peine-de-mort;https://www.retronews.fr/justice/echo-de-presse/2017/09/01/cetait-la-une-clemenceau-contre-la-peine-de-mort;301
https://www.retronews.fr/actualite/1894-le-capitaine-dreyfus-condamne-au-bagne-perpetuite;https://www.retronews.fr/justice/echo-de-presse/2017/12/21/1894-le-capitaine-dreyfus-condamne-au-bagne-perpetuite;301
https://www.retronews.fr/actualite/lisez-le-jaccuse-de-zola;https://www.retronews.fr/justice/echo-de-presse/2018/01/10/lisez-le-jaccuse-de-zola;301
https://www.retronews.fr/actualite/jesse-james-la-chute-du-gentleman-hors-la-loi;https://www.retronews.fr/justice/echo-de-presse/2018/02/16/jesse-james-la-chute-du-gentleman-hors-la-loi;301
https://www.retronews.fr/actualite/lattentat-manque-contre-bonaparte;https://www.retronews.fr/justice/echo-de-presse/2018/03/06/lattentat-manque-contre-bonaparte;301
https://www.retronews.fr/justice/echo-de-presse/2018/01/19/la-premiere-execution-sur-une-chaise-electrique;https://www.retronews.fr/justice/echo-de-presse/2020/08/05/la-premiere-execution-sur-une-chaise-electrique;301
https://www.retronews.fr/justice/echo-de-presse/2017/07/03/1939-la-derniere-execution-publique-en-france;https://www.retronews.fr/justice/echo-de-presse/2020/08/26/1939-la-derniere-execution-publique-en-france;301
https://www.retronews.fr/justice/echo-de-presse/2017/03/28/1919-lassassin-de-jaures-acquitte;https://www.retronews.fr/justice/echo-de-presse/2020/09/03/1919-lassassin-de-jaures-acquitte;301
https://www.retronews.fr/actualite/1907-clemenceau-cree-les-brigades-du-tigre;https://www.retronews.fr/justice/echo-de-presse/2021/04/14/1907-clemenceau-cree-les-brigades-du-tigre;301
https://www.retronews.fr/actualite/le-grand-discours-de-lamartine-contre-la-peine-de-mort;https://www.retronews.fr/justice/echo-de-presse/2021/06/10/le-grand-discours-de-lamartine-contre-la-peine-de-mort;301
https://www.retronews.fr/justice/echo-de-presse/2018/01/18/arthur-conan-doyle-detective-public;https://www.retronews.fr/justice/echo-de-presse/2021/08/04/arthur-conan-doyle-detective-public;301
https://www.retronews.fr/justice/echo-de-presse/2018/04/10/le-proces-du-docteur-petiot-faux-resistant-et-vrai-tueur;https://www.retronews.fr/justice/echo-de-presse/2021/08/04/le-proces-du-docteur-petiot-faux-resistant-et-vrai-tueur;301
https://www.retronews.fr/justice/echo-de-presse/2016/12/19/ils-lont-tue;https://www.retronews.fr/justice/echo-de-presse/2021/09/28/ils-lont-tue;301
https://www.retronews.fr/actualite/la-vague-apache-deferle-sur-paris;https://www.retronews.fr/justice/echo-de-presse/2021/10/14/la-vague-apache-deferle-sur-paris;301
https://www.retronews.fr/justice/echo-de-presse/2016/10/26/la-vague-apache-deferle-sur-paris;https://www.retronews.fr/justice/echo-de-presse/2021/10/14/la-vague-apache-deferle-sur-paris;301
https://www.retronews.fr/justice/echo-de-presse/2020/05/19/pierrot-le-fou-tractions-avant;https://www.retronews.fr/justice/echo-de-presse/2022/06/01/pierrot-le-fou-tractions-avant;301
https://www.retronews.fr/justice/echo-de-presse/2020/08/03/les-derniers-instants-de-mata-hari;https://www.retronews.fr/justice/echo-de-presse/2023/10/24/les-derniers-instants-de-mata-hari;301
https://www.retronews.fr/justice/echo-de-presse/2017/02/12/les-derniers-instants-de-mata-hari;https://www.retronews.fr/justice/echo-de-presse/2023/10/24/les-derniers-instants-de-mata-hari;301
https://www.retronews.fr/scandale/long-format/2018/04/17/le-scandale-de-panama-1889-1893;https://www.retronews.fr/justice/long-format/2018/04/17/le-scandale-de-panama-1889-1893;301
https://www.retronews.fr/content/la-fin-de-la-bande-bonnot;https://www.retronews.fr/justice/video/2018/02/01/la-fin-de-la-bande-bonnot;301
https://www.retronews.fr/guerre/long-format/2018/03/14/la-defaite-de-sedan-1870;https://www.retronews.fr/long-format/2018/03/14/la-defaite-de-sedan-1870;301
https://www.retronews.fr/dossier/la-defaite-de-sedan-1870;https://www.retronews.fr/long-format/2018/03/14/la-defaite-de-sedan-1870;301
https://www.retronews.fr/dossier/la-france-face-la-grippe-espagnole-en-1918-1919;https://www.retronews.fr/long-format/2018/03/14/la-france-face-la-grippe-espagnole-en-1918-1919;301
https://www.retronews.fr/boutique/dossier/la-france-face-la-grippe-espagnole-en-1918-1919;https://www.retronews.fr/long-format/2018/03/14/la-france-face-la-grippe-espagnole-en-1918-1919;301
https://www.retronews.fr/epidemies/long-format/2018/03/14/la-france-face-la-grippe-espagnole-en-1918-1919;https://www.retronews.fr/long-format/2018/03/14/la-france-face-la-grippe-espagnole-en-1918-1919;301
https://www.retronews.fr/lois-sur-le-travail-syndicalisme/long-format/2018/03/14/la-loi-autorisant-les-syndicats-en-1884;https://www.retronews.fr/long-format/2018/03/14/la-loi-autorisant-les-syndicats-en-1884;301
https://www.retronews.fr/content/le-sacre-de-charles-x;https://www.retronews.fr/long-format/2018/03/14/le-sacre-de-charles-x;301
https://www.retronews.fr/chomage-pauvrete-macro-economie-marches/long-format/2018/03/15/le-krach-boursier-et-la-crise-de-1929;https://www.retronews.fr/long-format/2018/03/15/le-krach-boursier-et-la-crise-de-1929;301
https://www.retronews.fr/dossier/le-krach-boursier-et-la-crise-de-1929;https://www.retronews.fr/long-format/2018/03/15/le-krach-boursier-et-la-crise-de-1929;301
https://www.retronews.fr/accident-maritime-transport/long-format/2018/03/16/le-naufrage-du-titanic-en-1912;https://www.retronews.fr/long-format/2018/03/16/le-naufrage-du-titanic-en-1912;301
https://www.retronews.fr/prison/long-format/2018/03/19/au-bagne-par-albert-londres-en-1923;https://www.retronews.fr/long-format/2018/03/19/au-bagne-par-albert-londres-en-1923;301
https://www.retronews.fr/dossier/au-bagne-par-albert-londres-en-1923;https://www.retronews.fr/long-format/2018/03/19/au-bagne-par-albert-londres-en-1923;301
https://www.retronews.fr/content/la-cession-de-la-savoie-et-de-nice-la-france;https://www.retronews.fr/long-format/2018/03/20/la-cession-de-la-savoie-et-de-nice-la-france;301
https://www.retronews.fr/enjeux-territoriaux-diplomatie/long-format/2018/03/20/la-cession-de-la-savoie-et-de-nice-la-france;https://www.retronews.fr/long-format/2018/03/20/la-cession-de-la-savoie-et-de-nice-la-france;301
https://www.retronews.fr/dossier/les-obseques-nationales-de-victor-hugo-en-1885;https://www.retronews.fr/long-format/2018/03/20/les-obseques-nationales-de-victor-hugo-en-1885;301
https://www.retronews.fr/litterature/long-format/2018/03/20/les-obseques-nationales-de-victor-hugo-en-1885;https://www.retronews.fr/long-format/2018/03/20/les-obseques-nationales-de-victor-hugo-en-1885;301
https://www.retronews.fr/condition-feminine/long-format/2018/03/21/1884-promulgation-de-la-loi-autorisant-le-divorce;https://www.retronews.fr/long-format/2018/03/21/1884-promulgation-de-la-loi-autorisant-le-divorce;301
https://www.retronews.fr/litterature/long-format/2018/03/21/la-bataille-dhernani-en-1830;https://www.retronews.fr/long-format/2018/03/21/la-bataille-dhernani-en-1830;301
https://www.retronews.fr/content/le-proces-des-fleurs-du-mal-en-1857;https://www.retronews.fr/long-format/2018/03/21/le-proces-des-fleurs-du-mal-en-1857;301
https://www.retronews.fr/litterature/long-format/2018/03/21/le-proces-des-fleurs-du-mal-en-1857;https://www.retronews.fr/long-format/2018/03/21/le-proces-des-fleurs-du-mal-en-1857;301
https://www.retronews.fr/guerre-traites-et-acccords-diplomatie/long-format/2018/03/21/les-accords-de-munich-en-1938;https://www.retronews.fr/long-format/2018/03/21/les-accords-de-munich-en-1938;301
https://www.retronews.fr/evenements-sportifs/long-format/2018/03/21/les-jeux-olympiques-de-berlin-en-1936;https://www.retronews.fr/long-format/2018/03/21/les-jeux-olympiques-de-berlin-en-1936;301
https://www.retronews.fr/litterature-faits-divers/long-format/2018/03/21/proces-de-flaubert;https://www.retronews.fr/long-format/2018/03/21/proces-de-flaubert;301
https://www.retronews.fr/litterature/long-format/2018/03/21/proces-de-flaubert;https://www.retronews.fr/long-format/2018/03/21/proces-de-flaubert;301
https://www.retronews.fr/exposition-dart/long-format/2018/03/22/la-presentation-de-la-scene-des-massacres-de-scio-en-1824;https://www.retronews.fr/long-format/2018/03/22/la-presentation-de-la-scene-des-massacres-de-scio-en-1824;301
https://www.retronews.fr/constitution/long-format/2018/03/22/les-trois-glorieuses-du-27-au-29-juillet-1830;https://www.retronews.fr/long-format/2018/03/22/les-trois-glorieuses-du-27-au-29-juillet-1830;301
https://www.retronews.fr/content/les-trois-glorieuses-du-27-au-29-juillet-1830;https://www.retronews.fr/long-format/2018/03/22/les-trois-glorieuses-du-27-au-29-juillet-1830;301
https://www.retronews.fr/elections/long-format/2018/03/22/louis-napoleon-bonaparte-elu-president-de-la-republique;https://www.retronews.fr/long-format/2018/03/22/louis-napoleon-bonaparte-elu-president-de-la-republique;301
https://www.retronews.fr/theatre/long-format/2018/03/22/sarah-bernhardt-joue-laiglon-en-1900;https://www.retronews.fr/long-format/2018/03/22/sarah-bernhardt-joue-laiglon-en-1900;301
https://www.retronews.fr/dossier/la-bataille-de-verdun-en-1916;https://www.retronews.fr/long-format/2018/03/23/la-bataille-de-verdun-en-1916;301
https://www.retronews.fr/armement-guerre/long-format/2018/03/23/la-bataille-de-verdun-en-1916;https://www.retronews.fr/long-format/2018/03/23/la-bataille-de-verdun-en-1916;301
https://www.retronews.fr/epidemies/long-format/2018/03/23/la-decouverte-du-bacille-de-la-peste-en-1894;https://www.retronews.fr/long-format/2018/03/23/la-decouverte-du-bacille-de-la-peste-en-1894;301
https://www.retronews.fr/architecture-opera/long-format/2018/03/23/linauguration-de-lopera-garnier-en-1875;https://www.retronews.fr/long-format/2018/03/23/linauguration-de-lopera-garnier-en-1875;301
https://www.retronews.fr/inondation/long-format/2018/03/26/la-crue-exceptionnelle-de-la-seine-en-1910;https://www.retronews.fr/long-format/2018/03/26/la-crue-exceptionnelle-de-la-seine-en-1910;301
https://www.retronews.fr/litterature-presse-ecrite/long-format/2018/03/26/la-parution-des-mysteres-de-paris-en-1842;https://www.retronews.fr/long-format/2018/03/26/la-parution-des-mysteres-de-paris-en-1842;301
https://www.retronews.fr/diplomatie-commerce-transport/long-format/2018/03/26/linauguration-du-canal-de-suez-en-1869;https://www.retronews.fr/long-format/2018/03/26/linauguration-du-canal-de-suez-en-1869;301
https://www.retronews.fr/traites-et-acccords-diplomatie/long-format/2018/03/27/le-traite-de-versailles-en-1919;https://www.retronews.fr/long-format/2018/03/27/le-traite-de-versailles-en-1919;301
https://www.retronews.fr/desordres-civils-massacre/long-format/2018/03/28/la-commune-de-paris-en-1871;https://www.retronews.fr/long-format/2018/03/28/la-commune-de-paris-en-1871;301
https://www.retronews.fr/dossier/la-commune-de-paris-en-1871;https://www.retronews.fr/long-format/2018/03/28/la-commune-de-paris-en-1871;301
https://www.retronews.fr/conferences-et-sommets-enjeux-territoriaux/long-format/2018/03/28/le-discours-de-tanger-en-1905;https://www.retronews.fr/long-format/2018/03/28/le-discours-de-tanger-en-1905;301
https://www.retronews.fr/groupe-de-pression-parlement/long-format/2018/03/28/les-emeutes-antiparlementaires-du-6-fevrier-1934;https://www.retronews.fr/long-format/2018/03/28/les-emeutes-antiparlementaires-du-6-fevrier-1934;301
https://www.retronews.fr/dossier/les-emeutes-antiparlementaires-du-6-fevrier-1934;https://www.retronews.fr/long-format/2018/03/28/les-emeutes-antiparlementaires-du-6-fevrier-1934;301
https://www.retronews.fr/lois-scolaires/long-format/2018/03/28/les-lois-scolaires-de-jules-ferry-de-1879-1882;https://www.retronews.fr/long-format/2018/03/28/les-lois-scolaires-de-jules-ferry-de-1879-1882;301
https://www.retronews.fr/condition-feminine/long-format/2018/03/29/annees-1920-lois-contre-lavortement-et-la-contraception;https://www.retronews.fr/long-format/2018/03/29/annees-1920-lois-contre-lavortement-et-la-contraception;301
https://www.retronews.fr/guerre/long-format/2018/03/30/la-bataille-de-waterloo-en-1815;https://www.retronews.fr/long-format/2018/03/30/la-bataille-de-waterloo-en-1815;301
https://www.retronews.fr/maladies-vaccin/long-format/2018/03/30/le-vaccin-contre-la-rage-en-1885;https://www.retronews.fr/long-format/2018/03/30/le-vaccin-contre-la-rage-en-1885;301
https://www.retronews.fr/conquetes/long-format/2018/04/04/brazza-atteint-le-fleuve-congo-en-1880;https://www.retronews.fr/long-format/2018/04/04/brazza-atteint-le-fleuve-congo-en-1880;301
https://www.retronews.fr/patrons-de-presse-presse-ecrite/long-format/2018/04/05/la-fondation-de-la-presse-en-1836;https://www.retronews.fr/long-format/2018/04/05/la-fondation-de-la-presse-en-1836;301
https://www.retronews.fr/elections/long-format/2018/04/06/les-premieres-elections-au-suffrage-universel-masculin-en-1848;https://www.retronews.fr/long-format/2018/04/06/les-premieres-elections-au-suffrage-universel-masculin-en-1848;301
https://www.retronews.fr/attentat/long-format/2018/04/17/lexecution-de-ravachol-en-1892;https://www.retronews.fr/long-format/2018/04/17/lexecution-de-ravachol-en-1892;301
https://www.retronews.fr/journaux/long-format/2018/04/23/la-creation-du-journal-la-fronde-en-1897-par-marguerite-durand;https://www.retronews.fr/long-format/2018/04/23/la-creation-du-journal-la-fronde-en-1897-par-marguerite-durand;301
https://www.retronews.fr/traites-et-acccords/long-format/2018/04/23/le-pacte-briand-kellogg-en-1928;https://www.retronews.fr/long-format/2018/04/23/le-pacte-briand-kellogg-en-1928;301
https://www.retronews.fr/expositions-coloniales/long-format/2018/04/23/lexposition-coloniale-de-1931;https://www.retronews.fr/long-format/2018/04/23/lexposition-coloniale-de-1931;301
https://www.retronews.fr/expositions-universelles/long-format/2018/04/24/lexposition-universelle-de-1900;https://www.retronews.fr/long-format/2018/04/24/lexposition-universelle-de-1900;301
https://www.retronews.fr/guerre/long-format/2018/04/25/lattentat-de-sarajevo-1914;https://www.retronews.fr/long-format/2018/04/25/lattentat-de-sarajevo-1914;301
https://www.retronews.fr/conquetes/long-format/2018/04/25/le-debut-de-la-conquete-de-lalgerie-en-1830;https://www.retronews.fr/long-format/2018/04/25/le-debut-de-la-conquete-de-lalgerie-en-1830;301
https://www.retronews.fr/lois-scolaires/long-format/2018/04/25/loi-falloux-en-1850;https://www.retronews.fr/long-format/2018/04/25/loi-falloux-en-1850;301
https://www.retronews.fr/dossier/loi-falloux-en-1850;https://www.retronews.fr/long-format/2018/04/25/loi-falloux-en-1850;301
https://www.retronews.fr/lois-scolaires/long-format/2018/04/26/la-loi-guizot-28-juin-1833;https://www.retronews.fr/long-format/2018/04/26/la-loi-guizot-28-juin-1833;301
https://www.retronews.fr/cinema/long-format/2018/04/26/napoleon-dabel-gance-un-film-fou;https://www.retronews.fr/long-format/2018/04/26/napoleon-dabel-gance-un-film-fou;301
https://www.retronews.fr/actualite/les-grands-recits-de-blaise-cendrars;https://www.retronews.fr/medias/echo-de-presse/2016/03/19/les-grands-recits-de-blaise-cendrars;301
https://www.retronews.fr/cookies;https://www.retronews.fr/pages/cookies;301
https://www.retronews.fr/pages/www.retronews.fr/pages/faq;https://www.retronews.fr/pages/faq;301
https://www.retronews.fr/content/mentions-legales;https://www.retronews.fr/pages/mentions-legales;301
https://www.retronews.fr/content/politique-de-confidentialite;https://www.retronews.fr/pages/politique-de-confidentialite;301
https://www.retronews.fr/actualite/la-revolution-de-1848-et-le-droit-au-travail;https://www.retronews.fr/politique/chronique/2019/05/02/la-revolution-de-1848-et-le-droit-au-travail;301
https://www.retronews.fr/chronique/2019/05/03/janvier-1789-la-revolution-t-elle-commence-rennes;https://www.retronews.fr/politique/chronique/2019/05/03/janvier-1789-la-revolution-t-elle-commence-rennes;301
https://www.retronews.fr/edito/28-septembre-1864-naissance-de-lassociation-internationale-des-travailleurs;https://www.retronews.fr/politique/chronique/2020/08/28/28-septembre-1864-naissance-de-lassociation-internationale-des-travailleurs;301
https://www.retronews.fr/actualite/clemenceau-et-la-guillotine;https://www.retronews.fr/politique/echo-de-presse/2016/04/01/clemenceau-et-la-guillotine;301
https://www.retronews.fr/actualite/il-y-80-ans-le-front-populaire;https://www.retronews.fr/politique/echo-de-presse/2016/05/02/il-y-80-ans-le-front-populaire;301
https://www.retronews.fr/actualite/la-chute-de-robespierre-dans-la-presse;https://www.retronews.fr/politique/echo-de-presse/2017/03/23/la-chute-de-robespierre-dans-la-presse;301
https://www.retronews.fr/actualite/philosophie-politique-par-maupassant;https://www.retronews.fr/politique/echo-de-presse/2017/03/23/philosophie-politique-par-maupassant;301
https://www.retronews.fr/actualite/1889-le-boulangisme-divise-la-presse;https://www.retronews.fr/politique/echo-de-presse/2017/03/24/1889-le-boulangisme-divise-la-presse;301
https://www.retronews.fr/actualite/lelection-presidentielle-de-1906-12;https://www.retronews.fr/politique/echo-de-presse/2017/04/17/lelection-presidentielle-de-1906-12;301
https://www.retronews.fr/actualite/le-president-est-mort-vive-le-president-22;https://www.retronews.fr/politique/echo-de-presse/2017/04/19/le-president-est-mort-vive-le-president-22;301
https://www.retronews.fr/actualite/20-juin-1789-le-serment-du-jeu-de-paume;https://www.retronews.fr/politique/echo-de-presse/2017/06/19/20-juin-1789-le-serment-du-jeu-de-paume;301
https://www.retronews.fr/actualite/juin-1848-la-revolte-du-peuple-de-paris;https://www.retronews.fr/politique/echo-de-presse/2017/06/22/juin-1848-la-revolte-du-peuple-de-paris;301
https://www.retronews.fr/actualite/la-redaction-du-testament-de-louis-xvi;https://www.retronews.fr/politique/echo-de-presse/2017/06/26/la-redaction-du-testament-de-louis-xvi;301
https://www.retronews.fr/actualite/le-mythe-de-lextreme-droite-des-annees-1920-le-judeo-bolchevisme;https://www.retronews.fr/politique/echo-de-presse/2017/11/01/le-mythe-de-lextreme-droite-des-annees-1920-le-judeo-bolchevisme;301
https://www.retronews.fr/politique-societe/echo-de-presse/2020/08/27/la-nuit-de-cristal-ou-le-debut-de-la-shoah;https://www.retronews.fr/politique/echo-de-presse/2017/11/09/la-nuit-de-cristal-ou-le-debut-de-la-shoah;301
https://www.retronews.fr/politique-societe/echo-de-presse/2017/11/09/la-nuit-de-cristal-ou-le-debut-de-la-shoah;https://www.retronews.fr/politique/echo-de-presse/2017/11/09/la-nuit-de-cristal-ou-le-debut-de-la-shoah;301
https://www.retronews.fr/actualite/1895-naissance-de-la-cgt;https://www.retronews.fr/politique/echo-de-presse/2017/12/08/1895-naissance-de-la-cgt;301
https://www.retronews.fr/politique-societe/echo-de-presse/2017/12/08/1895-naissance-de-la-cgt;https://www.retronews.fr/politique/echo-de-presse/2017/12/08/1895-naissance-de-la-cgt;301
https://www.retronews.fr/politique-religions/echo-de-presse/2017/12/24/le-sacre-coeur-oeuvre-de-la-reaction-catholique;https://www.retronews.fr/politique/echo-de-presse/2017/12/24/le-sacre-coeur-oeuvre-de-la-reaction-catholique;301
https://www.retronews.fr/politique-partis-politiques/echo-de-presse/2018/01/03/1794-condorcet-nexiste-plus;https://www.retronews.fr/politique/echo-de-presse/2018/01/03/1794-condorcet-nexiste-plus;301
https://www.retronews.fr/politique-socialisme/echo-de-presse/2018/01/03/1871-proces-delisee-reclus-geographe-et-communard;https://www.retronews.fr/politique/echo-de-presse/2018/01/03/1871-proces-delisee-reclus-geographe-et-communard;301
https://www.retronews.fr/actualite/1871-proces-delisee-reclus-geographe-et-communard;https://www.retronews.fr/politique/echo-de-presse/2018/01/03/1871-proces-delisee-reclus-geographe-et-communard;301
https://www.retronews.fr/actualite/1936-le-discours-de-victoire-de-leon-blum-la-chambre;https://www.retronews.fr/politique/echo-de-presse/2018/01/08/1936-le-discours-de-victoire-de-leon-blum-la-chambre;301
https://www.retronews.fr/politique-socialisme/echo-de-presse/2018/01/08/1936-le-discours-de-victoire-de-leon-blum-la-chambre;https://www.retronews.fr/politique/echo-de-presse/2018/01/08/1936-le-discours-de-victoire-de-leon-blum-la-chambre;301
https://www.retronews.fr/actualite/lassassinat-de-trotski-mexico;https://www.retronews.fr/politique/echo-de-presse/2018/01/08/lassassinat-de-trotski-mexico;301
https://www.retronews.fr/politique-communisme/echo-de-presse/2018/01/08/lassassinat-de-trotski-mexico;https://www.retronews.fr/politique/echo-de-presse/2018/01/08/lassassinat-de-trotski-mexico;301
https://www.retronews.fr/actualite/1925-les-candidates-du-parti-communiste-sont-elues;https://www.retronews.fr/politique/echo-de-presse/2018/01/23/1925-les-candidates-du-parti-communiste-sont-elues;301
https://www.retronews.fr/actualite/emile-henry-lanarchiste-guillotine-21-ans;https://www.retronews.fr/politique/echo-de-presse/2018/01/29/emile-henry-lanarchiste-guillotine-21-ans;301
https://www.retronews.fr/actualite/quand-mussolini-voulait-faire-croire-la-mort-de-la-mafia;https://www.retronews.fr/politique/echo-de-presse/2018/02/02/quand-mussolini-voulait-faire-croire-la-mort-de-la-mafia;301
https://www.retronews.fr/actualite/22-fevrier-1848-le-peuple-parisien-est-dans-la-rue;https://www.retronews.fr/politique/echo-de-presse/2018/02/20/22-fevrier-1848-le-peuple-parisien-est-dans-la-rue;301
https://www.retronews.fr/actualite/23-fevrier-1848-la-promenade-des-cadavres;https://www.retronews.fr/politique/echo-de-presse/2018/02/21/23-fevrier-1848-la-promenade-des-cadavres;301
https://www.retronews.fr/actualite/ce-quetait-le-rassemblement-national-populaire;https://www.retronews.fr/politique/echo-de-presse/2018/03/14/ce-quetait-le-rassemblement-national-populaire;301
https://www.retronews.fr/node/61167?utm_source=push_echo270618&utm_medium=lien_lire_la_suite&utm_campaign=politique/echo-de-presse/2018/03/14/ce-quetait-le-rassemblement-national-populaire;https://www.retronews.fr/politique/echo-de-presse/2018/03/14/ce-quetait-le-rassemblement-national-populaire;301
https://www.retronews.fr/echo-de-presse/2018/12/26/les-cite-jardins-une-utopie-dans-la-ville;https://www.retronews.fr/politique/echo-de-presse/2018/12/26/les-cite-jardins-une-utopie-dans-la-ville;301
https://www.retronews.fr/politique/echo-de-presse/2017/08/02/4-aout-1789-abolition-des-privileges-et-droits-feodaux;https://www.retronews.fr/politique/echo-de-presse/2020/07/30/4-aout-1789-abolition-des-privileges-et-droits-feodaux;301
https://www.retronews.fr/politique/echo-de-presse/2018/03/07/1932-mise-en-place-des-allocations-familiales;https://www.retronews.fr/politique/echo-de-presse/2021/08/18/1932-mise-en-place-des-allocations-familiales;301
https://www.retronews.fr/politique/grandes-unes/2023/04/25/massacre-fourmies-petit-parisien;https://www.retronews.fr/politique/grande-une/2023/04/25/massacre-fourmies-petit-parisien;301
https://www.retronews.fr/politique/grandes-unes/2023/06/01/victoire-de-la-classe-ouvriere-1936;https://www.retronews.fr/politique/grande-une/2023/06/01/victoire-de-la-classe-ouvriere-1936;301
https://www.retronews.fr/content/les-emeutes-parlementaires-du-6-fevrier-1934;https://www.retronews.fr/politique/video/2017/07/28/les-emeutes-parlementaires-du-6-fevrier-1934;301
https://www.retronews.fr/content/la-revolution-de-juin-1848;https://www.retronews.fr/politique/video/2017/11/07/la-revolution-de-juin-1848;301
https://www.retronews.fr/video/paul-deschanel-la-degringolade-dun-president-en-1920;https://www.retronews.fr/politique/video/2018/02/01/paul-deschanel-la-degringolade-dun-president-en-1920;301
https://www.retronews.fr/epidemies/echo-de-presse/2020/08/25/la-france-face-la-terrible-epidemie-de-cholera-de-1832;https://www.retronews.fr/sante/echo-de-presse/2018/03/27/la-france-face-la-terrible-epidemie-de-cholera-de-1832;301
https://www.retronews.fr/sante/echo/2019/09/27/petite-histoire-des-soins-dentaires;https://www.retronews.fr/sante/echo-de-presse/2019/09/27/petite-histoire-des-soins-dentaires;301
https://www.retronews.fr/actualite/1915-labsinthe-est-interdite-en-france;https://www.retronews.fr/sante/echo-de-presse/2022/11/08/1915-labsinthe-est-interdite-en-france;301
https://www.retronews.fr/actualite/arthur-conan-doyle-lhomme-qui-parlait-aux-morts;https://www.retronews.fr/sciences/echo-de-presse/2016/12/30/arthur-conan-doyle-lhomme-qui-parlait-aux-morts;301
https://www.retronews.fr/actualite/tesla-linventeur-genial-qui-voulait-parler-aux-martiens;https://www.retronews.fr/sciences/echo-de-presse/2018/01/29/tesla-linventeur-genial-qui-voulait-parler-aux-martiens;301
https://www.retronews.fr/sciences/echo-de-presse/2018/03/07/nightingale-inventrice-des-soins-infirmiers-modernes;https://www.retronews.fr/sciences/echo-de-presse/2021/04/02/nightingale-inventrice-des-soins-infirmiers-modernes;301
https://www.retronews.fr/dossier/retour-vers-le-futur-de-linfo;https://www.retronews.fr/serie/retour-vers-le-futur-de-linfo;301
https://www.retronews.fr/actualite/la-greve-des-taxis-de-1911;https://www.retronews.fr/societe/echo-de-presse/2016/03/01/la-greve-des-taxis-de-1911;301
https://www.retronews.fr/societe-economie/echo-de-presse/2017/03/23/plongee-dans-le-quartier-des-halles-au-xixe-siecle;https://www.retronews.fr/societe/echo-de-presse/2017/03/23/plongee-dans-le-quartier-des-halles-au-xixe-siecle;301
https://www.retronews.fr/actualite/reloger-les-habitants-des-taudis-oui-la-campagne;https://www.retronews.fr/societe/echo-de-presse/2017/09/20/reloger-les-habitants-des-taudis-oui-la-campagne;301
https://www.retronews.fr/actualite/lurss-dix-ans-apres-la-revolution;https://www.retronews.fr/societe/echo-de-presse/2017/10/30/lurss-dix-ans-apres-la-revolution;301
https://www.retronews.fr/actualite/mary-wollstonecraft-portrait-de-la-toute-premiere-feministe;https://www.retronews.fr/societe/echo-de-presse/2017/11/15/mary-wollstonecraft-portrait-de-la-toute-premiere-feministe;301
https://www.retronews.fr/actualite/limpensable-tour-du-monde-en-72-jours-de-nellie-bly;https://www.retronews.fr/societe/echo-de-presse/2017/12/04/limpensable-tour-du-monde-en-72-jours-de-nellie-bly;301
https://www.retronews.fr/actualite/1850-la-premiere-loi-de-protection-animale;https://www.retronews.fr/societe/echo-de-presse/2017/12/14/1850-la-premiere-loi-de-protection-animale;301
https://www.retronews.fr/actualite/celle-qui-osa-briguer-le-baccalaureat-en-1861;https://www.retronews.fr/societe/echo-de-presse/2018/01/10/celle-qui-osa-briguer-le-baccalaureat-en-1861;301
https://www.retronews.fr/societe-economie/echo-de-presse/2018/01/28/1932-reportage-chez-les-paysans-bretons-affames;https://www.retronews.fr/societe/echo-de-presse/2018/01/28/1932-reportage-chez-les-paysans-bretons-affames;301
https://www.retronews.fr/lois-sur-le-travail/echo-de-presse/2018/04/23/les-conges-payes-en-1936;https://www.retronews.fr/societe/echo-de-presse/2018/04/23/les-conges-payes-en-1936;301
https://www.retronews.fr/boutique/dossier/les-conges-payes-en-1936;https://www.retronews.fr/societe/echo-de-presse/2018/04/23/les-conges-payes-en-1936;301
https://www.retronews.fr/actualite/1893-le-massacre-daigues-mortes;https://www.retronews.fr/societe/echo-de-presse/2020/01/08/1893-le-massacre-daigues-mortes;301
https://www.retronews.fr/societe-sports-et-loisirs/echo-de-presse/2017/12/05/la-morgue-de-paris-musee-des-suicides-et-des;https://www.retronews.fr/societe/echo-de-presse/2020/08/04/la-morgue-de-paris-musee-des-suicides-et-des;301
https://www.retronews.fr/societe/echo-de-presse/2018/03/09/la-misere-absolue-des-zoniers-peuple-de-la-peripherie;https://www.retronews.fr/societe/echo-de-presse/2021/04/09/la-misere-absolue-des-zoniers-peuple-de-la-peripherie;301
https://www.retronews.fr/societe/echo-de-presse/2018/08/10/ete-1936-conges-payes;https://www.retronews.fr/societe/echo-de-presse/2022/07/19/ete-1936-conges-payes;301
https://www.retronews.fr/societe/grands-articles/2023/02/21/hubertine-auclert-masculinisation-francais;https://www.retronews.fr/societe/grands-articles/2023/02/28/hubertine-auclert-masculinisation-francais;301
https://www.retronews.fr/actualite/loterie-nationale-les-francais-se-prennent-au-jeu;https://www.retronews.fr/sports-et-loisirs/echo-de-presse/2016/05/17/loterie-nationale-les-francais-se-prennent-au-jeu;301
https://www.retronews.fr/actualite/bord-du-normandie-par-blaise-cendrars;https://www.retronews.fr/sports-et-loisirs/echo-de-presse/2017/07/25/bord-du-normandie-par-blaise-cendrars;301
https://www.retronews.fr/actualite/1917-lentree-en-guerre-des-etats-unis;https://www.retronews.fr/video/2017/09/11/1917-lentree-en-guerre-des-etats-unis;301
https://www.retronews.fr/content/les-apaches-lassaut-de-paris-dans-les-annees-1900;https://www.retronews.fr/video/2017/09/11/les-apaches-lassaut-de-paris-dans-les-annees-1900;301
https://www.retronews.fr/content/verdun-la-presse-en-guerre;https://www.retronews.fr/video/2017/11/14/verdun-la-presse-en-guerre;301